source_index,招聘岗位,occupation_name,items,errors,batches
10,产品ui设计师,海洋工程技术人员,1,0,1
13,海上风电场群规划设计平台研发工程师,海洋工程技术人员,1,0,1
7,电气主管2人/电气技工2人,船舶制造人员,2,0,1
3,海务主管,道路和水上运输工程技术人员,1,0,1
1,船员部助理,海洋服务人员,1,0,1
6,船舶驾驶员,船舶指挥和引航人员,1,0,1
9,锚固工程师,海洋工程技术人员,1,0,1
14,智能化项目经理,海洋工程技术人员,1,0,1
15,业务管理,船舶指挥和引航人员,1,0,1
24,产品主管 (MJ001941),水产技术人员,1,0,1
22,通信技术预研高级工程师,海洋工程技术人员,2,0,1
19,水下开发生产自动控制系统设计资深工程师,海洋工程技术人员,2,0,1
21,船机装备管理部船长,船舶指挥和引航人员,3,0,1
23,码头技术工程师,道路和水上运输工程技术人员,2,0,1
26,港口资料员兼综合管理员（印尼） (MJ003391),道路和水上运输工程技术人员,1,0,1
25,资深港口工程师（印尼） (MJ003388),道路和水上运输工程技术人员,2,0,1
28,海船驾驶员,船舶指挥和引航人员,2,0,1
32,工厂总经理,船舶制造人员,2,0,1
40,注册环境影响评价工程师,海洋工程技术人员,1,0,1
39,质检员,船舶制造人员,1,0,1
44,轮机主管,船舶制造人员,2,0,1
34,工程技术总监,船舶制造人员,3,0,1
43,生产主管（海工板块）,船舶制造人员,1,0,1
38,电机控制软件工程师,海洋工程技术人员,3,0,1
46,轮机放样工程师（国际事业部）,海洋工程技术人员,1,0,1
48,船舶外观内装设计,海洋工程技术人员,1,0,1
47,船体质检员,船舶制造人员,1,0,1
51,货代业务员,道路和水上运输工程技术人员,2,0,1
55,对虾养殖助理（通威渔业）,渔业生产人员,1,0,1
49,船舶外观内装设计,船舶制造人员,1,0,1
56,工艺工程师,海洋工程技术人员,3,0,1
53,船舶铜工,船舶制造人员,2,0,1
58,海管整体设计研发工程师,海洋工程技术人员,2,0,1
59,业务岗（某央企）G08773,道路和水上运输工程技术人员,2,0,1
63,工程员,道路和水上运输工程技术人员,0,0,1
62,码头操作员,海洋服务人员,2,0,1
65,智慧码头方案经理,海洋工程技术人员,2,0,1
68,售后服务工程师（船舶现场调试）,道路和水上运输工程技术人员,1,0,1
71,机械工程师,道路和水上运输工程技术人员,2,0,1
67,码头经理,水产技术人员,3,0,1
70,项目预算员,船舶制造人员,1,0,1
72,产品经理,海洋工程技术人员,1,0,1
76,电气工程师,海洋工程技术人员,1,0,1
77,数值算法工程师,海洋工程技术人员,1,0,1
79,电气工程师-系统集成（应届),道路和水上运输工程技术人员,1,0,1
86,水产饲料客户代表（业务员）,渔业生产人员,1,0,1
87,工程造价工程师,海洋工程技术人员,1,0,1
85,海运报关员,海洋服务人员,1,0,1
91,宁波远洋运输股份有限公司驻钦州办事处操作,道路和水上运输工程技术人员,1,0,1
92,宁波远洋运输股份有限公司驻钦州办事处操作,道路和水上运输工程技术人员,1,0,1
96,海风工程公司副总经理（市场）,海洋工程技术人员,2,0,1
100,港口与航道监理工程师,道路和水上运输工程技术人员,1,0,1
97,副经理,海洋工程技术人员,0,0,1
106,技术支持工程师（海工项目）(J10964),海洋工程技术人员,2,0,1
103,专业管理岗（工艺专工）,海洋工程技术人员,0,0,1
105,船务专员（日照）,道路和水上运输工程技术人员,2,0,1
101,管道材料主管工程师,海洋工程技术人员,2,0,1
109,生产运营经理,船舶制造人员,2,0,1
111,项目经理,海洋工程技术人员,1,0,1
98,HPC应用支持工程师（哈尔滨）(J10162),海洋工程技术人员,0,0,1
114,锚固工程师,海洋工程技术人员,2,0,1
117,船厂管培生/实习生,船舶制造人员,0,0,1
116,船厂设计师,道路和水上运输工程技术人员,3,0,1
115,船厂技工（急招船电工）,船舶制造人员,4,0,1
119,轮机详设工程师,海洋工程技术人员,1,0,1
118,船机电三大类生产管理主管与经理,船舶制造人员,2,0,1
121,安全员,船舶制造人员,1,0,1
122,安全员,船舶制造人员,1,0,1
130,安全专责（阳江）,海洋工程技术人员,1,0,1
131,海洋生态工程师,海洋工程技术人员,1,0,1
135,船舶高级工程师（轮机详细设计） 上海海工院,海洋工程技术人员,2,0,1
132,港航水运水利设计师,测绘和地理信息工程技术人员,2,0,1
136,航运商务管理,道路和水上运输工程技术人员,2,0,1
140,电子通信库App与可视化函数开发,海洋工程技术人员,1,0,1
144,管系主管,船舶制造人员,1,0,1
142,项目经理（智慧港口）,道路和水上运输工程技术人员,3,0,1
145,技术支持工程师（技术文员）,道路和水上运输工程技术人员,1,0,1
146,售前技术拓展工程师,道路和水上运输工程技术人员,1,0,1
147,三维渲染开发工程师,海洋工程技术人员,1,0,1
148,配管专业工程师,海洋工程技术人员,2,0,1
149,船舶业务助理,船舶制造人员,3,0,1
150,电气工程师,海洋工程技术人员,3,0,1
153,单证管理,道路和水上运输工程技术人员,1,0,1
152,船长,船舶指挥和引航人员,4,0,1
154,船舶电仪工程师,海洋工程技术人员,3,0,1
160,港口调度室主任（印尼） (MJ003389),道路和水上运输工程技术人员,3,0,1
163,海运操作专员（扬州）,海洋服务人员,2,0,1
165,海务主管（远洋船长）,船舶指挥和引航人员,4,0,1
166,机械工程师/资深机械工程师（研究院）,海洋工程技术人员,2,0,1
168,助理焊接工程师,船舶制造人员,1,0,1
170,船体放样工程师（中山厂）,船舶制造人员,1,0,1
173,船体设计员,船舶制造人员,1,0,1
171,搭载主管,船舶制造人员,1,0,1
176,湖南电气公司 - 设计师岗,海洋工程技术人员,1,0,1
172,机修钳工,船舶制造人员,1,0,1
179,租船经理,船舶指挥和引航人员,1,0,1
178,结构工艺工程师,水产技术人员,1,0,1
183,供配电设计工程师,海洋工程技术人员,1,0,1
185,声呐研发经理,海洋工程技术人员,1,0,1
189,售前技术支持,海洋工程技术人员,1,0,1
187,船舶结构工程师,海洋工程技术人员,2,0,1
194,轮机验船师1人/电气验船师1人,道路和水上运输工程技术人员,2,0,1
193,船体工程师2人/轮机工程师2人/电气工程师2人/内装工程师2人,海洋工程技术人员,1,0,1
196,算法信号处理工程师,海洋工程技术人员,1,0,1
197,生态研究员,海洋工程技术人员,1,0,1
201,结构工程师-2023应届大学生,海洋工程技术人员,1,0,1
195,船舶系统集成电气工程师,海洋工程技术人员,1,0,1
200,船舶经理,船舶指挥和引航人员,1,0,1
199,研发工程师,海洋工程技术人员,1,0,1
203,系泊与水动力计算工程师(J10413),海洋工程技术人员,1,0,1
204,吊装设计工程师,海洋工程技术人员,1,0,1
207,海上风电项目经理,海洋工程技术人员,1,0,1
209,水运设计员,道路和水上运输工程技术人员,1,0,1
208,工程项目经理,道路和水上运输工程技术人员,2,0,1
206,水利/水电工程师,海洋工程技术人员,1,0,1
210,营销代表,渔业生产人员,1,0,1
214,管系设计工程师,海洋工程技术人员,1,0,1
216,机械维修工,船舶制造人员,1,0,1
215,水声工程师,海洋工程技术人员,1,0,1
224,电气工程师,道路和水上运输工程技术人员,2,0,1
227,电机控制软件工程师,海洋工程技术人员,2,0,1
229,采样实习生,海洋服务人员,1,0,1
230,船舶项目经理,船舶制造人员,1,0,1
233,船舶内装工程师,船舶制造人员,1,0,1
232,船艇研发,船舶制造人员,2,0,1
231,船厂技工（急招船电工）,船舶制造人员,4,0,1
234,高级机修主管,船舶制造人员,1,0,1
237,船舶电焊工,船舶制造人员,1,0,1
238,航运经营部部长,船舶指挥和引航人员,2,0,1
239,船舶买卖经纪人,道路和水上运输工程技术人员,2,0,1
245,船务部主管,道路和水上运输工程技术人员,2,0,1
249,售后电气调试（船舶行业）,船舶制造人员,1,0,1
246,电气自动化工程师,海洋工程技术人员,2,0,1
248,项目工程师/产品经理（船舶行业经验）,海洋工程技术人员,2,0,1
253,船舶自动化设计师,海洋工程技术人员,1,0,1
258,操作培训生-现场/控制,道路和水上运输工程技术人员,1,0,1
252,工艺工程师,海洋工程技术人员,1,0,1
260,生产主管（白塔/外场）-通辽,船舶制造人员,1,0,1
262,客户经理（甘肃）(J11403),测绘和地理信息工程技术人员,1,0,1
263,电源产品结构设计工程师,海洋工程技术人员,1,0,1
266,物流销售经理,道路和水上运输工程技术人员,3,0,1
267,船长,船舶指挥和引航人员,4,0,1
264,海洋测绘工程师,测绘和地理信息工程技术人员,3,0,1
269,租船业务开拓,水产技术人员,3,0,1
270,采购主管,船舶制造人员,3,0,1
274,工程管理,道路和水上运输工程技术人员,0,0,1
275,海上一体化分析工程师(J10410),海洋工程技术人员,3,0,1
272,机务主管,道路和水上运输工程技术人员,4,0,1
273,仪表专业工程师,海洋工程技术人员,3,0,1
276,海上风电土木技术员,海洋工程技术人员,2,0,1
277,海上风电项目管理,海洋工程技术人员,1,0,1
279,施工员,船舶制造人员,1,0,1
278,水利设计师,海洋工程技术人员,1,0,1
280,市场专员,道路和水上运输工程技术人员,1,0,1
281,船务主管,道路和水上运输工程技术人员,1,0,1
287,电气生产设计工程师,海洋工程技术人员,1,0,1
290,售前技术支持工程师,道路和水上运输工程技术人员,1,0,1
291,船舶内装设计岗,船舶制造人员,1,0,1
284,营销经理/总监,测绘和地理信息工程技术人员,1,0,1
295,焊接工程师,船舶制造人员,1,0,1
297,工艺主管/工程师,海洋工程技术人员,3,0,1
300,设计工程师,船舶制造人员,2,0,1
302,项目经理,海洋工程技术人员,2,0,1
301,采样员（环境检测）,海洋服务人员,2,0,1
299,土建主管工程师,道路和水上运输工程技术人员,2,0,1
304,水声工程应用岗,海洋工程技术人员,2,0,1
306,打磨工,船舶制造人员,1,0,1
303,研发高级主管,海洋工程技术人员,3,0,1
305,船厂质检员,船舶制造人员,2,0,1
307,涂装主管（中山厂）,船舶制造人员,2,0,1
309,质量部经理（国际事业部）,船舶制造人员,3,0,1
313,操作调度,水产技术人员,2,0,1
315,船体主管,船舶制造人员,3,0,1
314,机修钳工,船舶制造人员,1,0,1
310,海上升压站结构工程师,海洋工程技术人员,3,0,1
316,电气主管,船舶制造人员,3,0,1
317,高级机修主管,船舶制造人员,3,0,1
318,接头设计工程师,海洋工程技术人员,3,0,1
320,电气工程师,道路和水上运输工程技术人员,3,0,1
321,海上运输管理岗(J11420),道路和水上运输工程技术人员,3,0,1
322,工程测量工程师,测绘和地理信息工程技术人员,1,0,1
324,进口操作,海洋服务人员,1,0,1
329,太仓中集招聘油漆工,船舶制造人员,0,0,1
325,航线管理,道路和水上运输工程技术人员,1,0,1
327,服务工程师（船舶出差调试）PLC,船舶制造人员,1,0,1
331,自动化网络工程师,道路和水上运输工程技术人员,1,0,1
330,循环水工程师,海洋工程技术人员,1,0,1
338,服务专责,船舶制造人员,0,0,1
335,高级机械工程师（拖揽机）,海洋工程技术人员,1,0,1
346,检验员,船舶制造人员,1,0,1
344,风电工程师,海洋工程技术人员,3,0,1
347,项目总监/副总监,道路和水上运输工程技术人员,1,0,1
349,水运专业监理工程师,道路和水上运输工程技术人员,1,0,1
345,租船经纪人,船舶指挥和引航人员,2,0,1
348,AI算法工程师,海洋工程技术人员,1,0,1
351,结构生产设计工程师（海工）,船舶制造人员,1,0,1
355,售后技术支持工程师（上市公司）,海洋工程技术人员,1,0,1
350,运行岗（计量员）,道路和水上运输工程技术人员,1,0,1
354,船舶毕业生,船舶制造人员,1,0,1
353,机械维修工,船舶制造人员,1,0,1
359,焊接工艺主任工程师,船舶制造人员,1,0,1
364,定额核算员,船舶制造人员,1,0,1
361,船舶电机员,船舶指挥和引航人员,1,0,1
365,学徒,船舶制造人员,0,0,1
366,学徒,船舶制造人员,0,0,1
368,船舶机装高级主管设计师,船舶制造人员,1,0,1
371,水工设计师（应届）,道路和水上运输工程技术人员,1,0,1
370,涂装检验主管,船舶制造人员,1,0,1
372,结构研发工程师,海洋工程技术人员,1,0,1
374,网络安全工程师,海洋工程技术人员,1,0,1
379,绳网技术经理,海洋工程技术人员,2,0,1
377,租船经纪人,道路和水上运输工程技术人员,3,0,1
380,控制策略工程师(J10924),海洋工程技术人员,2,0,1
383,海洋工程钢结构设计工程师,海洋工程技术人员,1,0,1
385,土建工程师（三亚）,海洋工程技术人员,1,0,1
388,工程师/高级工程师（电气）,海洋工程技术人员,1,0,1
392,操作培训生-计划,道路和水上运输工程技术人员,1,0,1
397,客户经理（辽宁）(J11405),测绘和地理信息工程技术人员,1,0,1
389,水下信息设备结构技术负责人,海洋工程技术人员,1,0,1
404,软件二次开发,海洋工程技术人员,1,0,1
405,助理工程师（应届毕业生优先）,道路和水上运输工程技术人员,0,0,1
408,生物驯演经理,渔业生产人员,2,0,1
409,自航耙吸式挖泥船二副,船舶指挥和引航人员,3,0,1
410,港口装卸工艺设计工程师,海洋工程技术人员,1,0,1
411,工程主管,船舶制造人员,1,0,1
414,销售经理/总监——福建,海洋工程技术人员,1,0,1
419,机械维修工,船舶制造人员,1,0,1
412,管道主管工程师,海洋工程技术人员,2,0,1
418,电气详细设计主管工程师,海洋工程技术人员,1,0,1
417,海工设计技术经理,海洋工程技术人员,1,0,1
420,焊接机器人工艺专家,海洋工程技术人员,3,0,1
427,船舶结构详细设计（镇江）,海洋工程技术人员,3,0,1
426,精控主管,船舶制造人员,3,0,1
431,采购经理（国际事业部）,船舶制造人员,2,0,1
430,涂装主管,船舶制造人员,1,0,1
432,船体工程师-螺旋桨设计,海洋工程技术人员,3,0,1
434,船厂生产主管,船舶制造人员,2,0,1
433,电气主管,船舶制造人员,2,0,1
436,船体检验工程师,船舶制造人员,2,0,1
437,船体检验工程师,船舶制造人员,2,0,1
435,船机电送详生设计师,海洋工程技术人员,4,0,1
440,水工设计师（应届）,海洋工程技术人员,1,0,1
442,水工设计师（应届）,海洋工程技术人员,1,0,1
441,水工设计师（应届）,海洋工程技术人员,1,0,1
443,软件工程师,海洋工程技术人员,2,0,1
445,项目经理,船舶制造人员,3,0,1
449,安全专责（阳江）,海洋工程技术人员,1,0,1
448,海务主管,船舶指挥和引航人员,3,0,1
452,码头建设工程师,海洋工程技术人员,3,0,1
439,研发设计师（轮机）,测绘和地理信息工程技术人员,4,0,1
456,电磁工程师,测绘和地理信息工程技术人员,0,0,1
457,投资发展部副总经理,海洋工程技术人员,0,0,1
455,船舶驾驶员,船舶指挥和引航人员,4,0,1
462,软件开发（地理信息、海洋技术、水声工程）,海洋工程技术人员,1,0,1
459,电气工程师,道路和水上运输工程技术人员,2,0,1
464,监理员（水运项目现场）,海洋工程技术人员,1,0,1
463,AI工程师（福州）,测绘和地理信息工程技术人员,1,0,1
468,动力系统集成工程师,海洋工程技术人员,1,0,1
472,商品车专用框架主管,道路和水上运输工程技术人员,1,0,1
473,动力系统集成工程师,道路和水上运输工程技术人员,1,0,1
474,商务合同工程师,海洋工程技术人员,1,0,1
478,港口航道方向 技术员（上海分公司）,道路和水上运输工程技术人员,2,0,1
481,项目经理,海洋工程技术人员,1,0,1
483,港航工程师,海洋工程技术人员,1,0,1
482,项目高级主管,道路和水上运输工程技术人员,1,0,1
480,生物保育研究所长,渔业生产人员,3,0,1
484,航运业务管培生,道路和水上运输工程技术人员,3,0,1
485,船舶管系工程师,海洋工程技术人员,3,0,1
487,管道设计工程师,海洋工程技术人员,3,0,1
486,管道主管工程师,海洋工程技术人员,3,0,1
491,营销经理/总监-U8548X,测绘和地理信息工程技术人员,1,0,1
495,专业维护岗（机修员）,船舶制造人员,1,0,1
496,海工建造主管,海洋工程技术人员,1,0,1
499,高级机务主管,道路和水上运输工程技术人员,1,0,1
507,电气工程师（配电）,海洋工程技术人员,1,0,1
503,销售经理/客户经理,海洋工程技术人员,1,0,1
502,质量主管,海洋工程技术人员,1,0,1
509,安全员（中山厂）,船舶制造人员,1,0,1
508,质检员（武汉市汉南区）,船舶制造人员,1,0,1
511,销售工程师,海洋工程技术人员,1,0,1
513,电气主管,船舶制造人员,2,0,1
510,机加工,船舶制造人员,1,0,1
512,电气主管,船舶制造人员,2,0,1
515,工法主管设计师,船舶制造人员,1,0,1
518,水工设计师（应届）,海洋工程技术人员,0,0,1
516,高级电修主管,船舶制造人员,2,0,1
517,机装主管设计师,船舶制造人员,2,0,1
519,工艺工程师,海洋工程技术人员,2,0,1
520,解决方案架构专家,海洋工程技术人员,1,0,1
523,船舶调度,道路和水上运输工程技术人员,1,0,1
522,分析检测员,海洋服务人员,2,0,1
525,生产计划岗（风电）,海洋工程技术人员,1,0,1
528,2024校招 电气设计,海洋工程技术人员,0,0,1
530,社会招聘-勘测负责人,海洋工程技术人员,1,0,1
531,社会招聘-海上物探负责人,海洋工程技术人员,1,0,1
529,海洋工程装备研究中心研究员,海洋工程技术人员,1,0,1
532,项目经理,道路和水上运输工程技术人员,1,0,1
534,售后电气调试（船舶行业）,海洋工程技术人员,1,0,1
538,销售经理,海洋工程技术人员,1,0,1
537,海运操作客服（国企+双休）,道路和水上运输工程技术人员,1,0,1
541,增值产品经理,海洋工程技术人员,3,0,1
545,技术支持专员（海洋方向）,海洋服务人员,0,0,1
543,生产经理,船舶制造人员,3,0,1
546,结构工程师（偏塑胶设计）,船舶制造人员,2,0,1
547,解决方案经理,海洋工程技术人员,2,0,1
550,市场开发,海洋工程技术人员,3,0,1
555,综合能源系统研发工程师,海洋工程技术人员,2,0,1
558,水利设计工程师、港口航道与海岸工程设计师,海洋工程技术人员,1,0,1
554,Java开发工程师（烟台港）,海洋工程技术人员,1,0,1
556,高级海工物流及船舶技术工程师,海洋工程技术人员,4,0,1
561,系统总体工程师（油气储运）,海洋工程技术人员,3,0,1
565,外场分段作业长,船舶制造人员,1,0,1
566,舾装详细设计工程师,海洋工程技术人员,1,0,1
563,租船高级经理,道路和水上运输工程技术人员,2,0,1
567,安全体系主管,海洋工程技术人员,1,0,1
568,海运出口操作专员（东莞）,道路和水上运输工程技术人员,1,0,1
574,现场应用工程师 FAE,测绘和地理信息工程技术人员,1,0,1
577,船舶电气详细设计（镇江）,船舶制造人员,1,0,1
578,结构工程师,海洋工程技术人员,1,0,1
582,项目经理（中山厂）,道路和水上运输工程技术人员,1,0,1
583,跟单员,船舶制造人员,2,0,1
584,装配工（中山厂）,船舶制造人员,1,0,1
585,操作运营部部长,道路和水上运输工程技术人员,1,0,1
587,水工设计师（应届）,道路和水上运输工程技术人员,1,0,1
589,光网络解决方案经理,海洋工程技术人员,1,0,1
591,工程项目管理及施工技术人员,海洋工程技术人员,2,0,1
592,港航工程师,道路和水上运输工程技术人员,1,0,1
593,结构（金属）工程师,道路和水上运输工程技术人员,1,0,1
594,交通规划咨询师,道路和水上运输工程技术人员,1,0,1
595,售后服务工程师（船舶现场调试）,道路和水上运输工程技术人员,1,0,1
597,电气设计工程师（绘图）,海洋工程技术人员,1,0,1
598,海务主管,水产技术人员,2,0,1
603,NDT主管,船舶制造人员,1,0,1
601,工程管理岗,道路和水上运输工程技术人员,2,0,1
605,趸船水手,海洋服务人员,1,0,1
612,技术助理（东营）,渔业生产人员,1,0,1
609,船舶性能研究,海洋工程技术人员,2,0,1
610,海务管理员,船舶指挥和引航人员,1,0,1
617,项目经理（履职）,道路和水上运输工程技术人员,1,0,1
619,水工设计实习生（2023）(J10788),海洋工程技术人员,1,0,1
618,海上风电施工设计工程师,海洋工程技术人员,4,0,1
621,工程技术员,海洋工程技术人员,1,0,1
622,施工队长,海洋工程技术人员,1,0,1
624,结构计算工程师,海洋工程技术人员,1,0,1
623,项目工程师,海洋工程技术人员,2,0,1
625,设计员/工艺员,道路和水上运输工程技术人员,2,0,1
628,工程项目物流项目经理,道路和水上运输工程技术人员,3,0,1
626,轮机工程师,道路和水上运输工程技术人员,2,0,1
634,项目建造师（一级建造师）,道路和水上运输工程技术人员,1,0,1
636,结构生产设计工程师（海工）,船舶制造人员,2,0,1
637,电气质检专员,道路和水上运输工程技术人员,1,0,1
631,大客户销售经理,测绘和地理信息工程技术人员,1,0,1
640,水工工程师,海洋工程技术人员,1,0,1
645,海工,道路和水上运输工程技术人员,1,0,1
647,质量主管,船舶制造人员,1,0,1
649,钳工（中山厂）,船舶制造人员,1,0,1
651,船舶售后,船舶制造人员,1,0,1
652,船艇研发,海洋工程技术人员,1,0,1
656,装配工,船舶制造人员,1,0,1
653,船舶内装工程师,船舶制造人员,1,0,1
655,船舶设计实习生（轮机、电气）,道路和水上运输工程技术人员,1,0,1
654,项目助理,船舶制造人员,1,0,1
658,船舶设计实习生（轮机、电气）,道路和水上运输工程技术人员,1,0,1
659,装配工,船舶制造人员,1,0,1
662,海运操作,海洋服务人员,1,0,1
665,船舶机装高级主管设计师,船舶制造人员,1,0,1
664,舾装主管设计师,船舶制造人员,1,0,1
666,接头设计主任工程师,海洋工程技术人员,1,0,1
671,船舶业务项目经理,船舶指挥和引航人员,1,0,1
674,道堆专业设计岗,道路和水上运输工程技术人员,1,0,1
673,安全专责（华南）,海洋工程技术人员,1,0,1
675,船舶设计师（结构/舾装专业）,海洋工程技术人员,1,0,1
676,助理土建工程师（张家口）,道路和水上运输工程技术人员,1,0,1
680,水工专工（浙江浙能六横液化天然气(LNG)有限公司）,海洋工程技术人员,1,0,1
681,生产计划员,道路和水上运输工程技术人员,1,0,1
689,船舶机电工程助理,船舶制造人员,1,0,1
685,电气工程师,海洋工程技术人员,1,0,1
691,信号处理工程师,海洋工程技术人员,1,0,1
695,侨益股份招聘物流经理,道路和水上运输工程技术人员,1,0,1
697,船务操作,道路和水上运输工程技术人员,1,0,1
690,国内产品工程师-船舶方向 (MJ014914),海洋工程技术人员,1,0,1
701,高级Java开发（日照国企）,海洋工程技术人员,0,0,1
703,前端开发（双休）,测绘和地理信息工程技术人员,1,0,1
704,专业技术工程师,海洋工程技术人员,1,0,1
708,项目经理,道路和水上运输工程技术人员,1,0,1
707,中国铁建港航局集团投资事业部建设管理部 部长/副部长,道路和水上运输工程技术人员,1,0,1
710,海务专员,船舶指挥和引航人员,1,0,1
712,船员部主管,海洋服务人员,1,0,1
711,安全员,船舶制造人员,1,0,1
713,物流经理（船务）,道路和水上运输工程技术人员,1,0,1
714,租船操作专员,道路和水上运输工程技术人员,2,0,1
718,售前工程师,海洋工程技术人员,2,0,1
720,船舶结构高级工程师,海洋工程技术人员,1,0,1
722,船舶推进器机械设计工程师,海洋工程技术人员,1,0,1
724,商务主管,海洋工程技术人员,1,0,1
727,船舶工程师,船舶制造人员,1,0,1
726,船舶总舾详细设计（镇江）,海洋工程技术人员,1,0,1
728,修船经营部经理,船舶制造人员,1,0,1
729,项目经理,船舶制造人员,1,0,1
730,项目经理,道路和水上运输工程技术人员,1,0,1
732,项目经理（技术）,海洋工程技术人员,2,0,1
734,质检师（江阴）,道路和水上运输工程技术人员,1,0,1
735,增压器钳工,船舶制造人员,1,0,1
731,海风项目助理（工程管理）（浙江区域）,海洋工程技术人员,1,0,1
739,电气工程师,海洋工程技术人员,1,0,1
740,售后工程师,海洋服务人员,1,0,1
741,船舶外勤,海洋服务人员,1,0,1
745,管线工(疏浚公司）,船舶制造人员,1,0,1
746,物流规划师,道路和水上运输工程技术人员,1,0,1
747,工程水文工程师,道路和水上运输工程技术人员,1,0,1
749,项目经理,道路和水上运输工程技术人员,1,0,1
753,船舶高级工程师（结构详细设计） 上海海工院,海洋工程技术人员,2,0,1
755,散货码头工艺工程师,道路和水上运输工程技术人员,2,0,1
758,金属无损检测主管,船舶制造人员,2,0,1
754,木工,船舶制造人员,1,0,1
760,现场应用工程师（FAE）(A196752),海洋服务人员,1,0,1
761,水动力研究设计师/高级设计师,海洋工程技术人员,2,0,1
762,软件/算法工程师,海洋工程技术人员,1,0,1
765,系统应用工程师,海洋工程技术人员,1,0,1
763,水声工程师（实习）,海洋工程技术人员,1,0,1
766,船务部副经理,道路和水上运输工程技术人员,3,0,1
769,电控研发岗（自动化系统工程师）,海洋工程技术人员,3,0,1
770,电控研发岗（自动化系统工程师）,道路和水上运输工程技术人员,3,0,1
773,船舶方向助理设计师,船舶制造人员,2,0,1
771,自动化工程师,海洋工程技术人员,3,0,1
774,船舶电气工程师（船舶海洋方向）,海洋工程技术人员,3,0,1
781,动物管理部负责人,水产技术人员,3,0,1
782,工程管理部工程管理人员（阳江）,海洋工程技术人员,3,0,1
783,工程管理部工程管理人员,海洋工程技术人员,3,0,1
791,管系工程师,海洋工程技术人员,3,0,1
794,船舶电工,船舶制造人员,1,0,1
795,电气工程师（工控）,道路和水上运输工程技术人员,2,0,1
797,销售经理,船舶制造人员,1,0,1
798,电气质检员,船舶制造人员,1,0,1
799,电气主管,船舶制造人员,1,0,1
802,生产管培生,船舶制造人员,1,0,1
801,电气主管,船舶制造人员,1,0,1
803,精控员,船舶制造人员,1,0,1
805,电装高级主管设计师,海洋工程技术人员,2,0,1
809,工程主管,道路和水上运输工程技术人员,1,0,1
806,研发设计师（电气）,海洋工程技术人员,4,0,1
810,风电运输方案工程师(J11044),道路和水上运输工程技术人员,1,0,1
811,船舶机务管理工程师,道路和水上运输工程技术人员,4,0,1
814,航运管理管培生,道路和水上运输工程技术人员,1,0,1
815,焊接工艺工程师,海洋工程技术人员,1,0,1
818,系统管理高级工程师,道路和水上运输工程技术人员,1,0,1
822,环评报告工程师（海洋工程）,海洋工程技术人员,1,0,1
825,线型开发设计师/高级设计师,海洋工程技术人员,1,0,1
816,船舶自动化电气项目工程师,海洋工程技术人员,3,0,1
827,物流操作外勤（广东湛江）,海洋服务人员,1,0,1
830,算法工程师,道路和水上运输工程技术人员,3,0,1
836,船体精度测量,船舶制造人员,1,0,1
835,项目工程师（配管/机械）,海洋工程技术人员,4,0,1
833,项目工程师（配管/机械）,海洋工程技术人员,4,0,1
838,机械工程师,海洋工程技术人员,3,0,1
832,成本控制主管,海洋工程技术人员,4,0,1
834,成本控制主管,海洋工程技术人员,4,0,1
839,电气一次工程师,海洋工程技术人员,4,0,1
842,船舶机务管理,船舶指挥和引航人员,1,0,1
841,船舶机务管理,船舶指挥和引航人员,1,0,1
845,兽医,水产技术人员,3,0,1
846,驯养经理,渔业生产人员,4,0,1
849,技术经理,海洋工程技术人员,2,0,1
848,电气设计/调试工程师（工具公司）,船舶制造人员,2,0,1
851,Python数值处理工程师,海洋工程技术人员,2,0,1
843,算法,海洋工程技术人员,3,0,1
852,（星聚）星图维天信 CTO(J10412),海洋工程技术人员,3,0,1
853,应用支持工程师-郑州(J11806),海洋工程技术人员,2,0,1
863,水声系统工程师,海洋工程技术人员,1,0,1
862,生产部门主任,船舶制造人员,2,0,1
864,海运出口操作专员（徐州）,道路和水上运输工程技术人员,2,0,1
869,机电负责人,船舶制造人员,2,0,1
867,销售工程师（海洋环境检测业务）,海洋服务人员,1,0,1
870,轮机工程师（中山厂）,船舶制造人员,1,0,1
872,计划管理员,船舶制造人员,1,0,1
871,轮机质检员（国际事业部）,道路和水上运输工程技术人员,1,0,1
873,船体主管,船舶制造人员,1,0,1
877,电装高级主管设计师,船舶制造人员,2,0,1
876,计划专员,船舶制造人员,1,0,1
879,资源开发经理（海上风电）,海洋工程技术人员,1,0,1
875,漂浮式风电一体化仿真技术研发工程师,海洋工程技术人员,3,0,1
878,调度专员,道路和水上运输工程技术人员,1,0,1
883,助理土建工程师（雄安新区）,海洋工程技术人员,1,0,1
882,机务监督,船舶指挥和引航人员,3,0,1
886,海洋工程总监,海洋工程技术人员,0,0,1
884,助理土建工程师（清河）,海洋工程技术人员,1,0,1
888,码头管理科科长,道路和水上运输工程技术人员,3,0,1
894,管系工程师（生产设计）,船舶制造人员,2,0,1
890,产品经理（船舶自动化信息化),海洋工程技术人员,2,0,1
899,船舶电气设备服务工程师（可英语沟通）,船舶制造人员,1,0,1
892,码头外操,道路和水上运输工程技术人员,3,0,1
900,二类船长/驾驶员,船舶指挥和引航人员,2,0,1
902,装备监造工程师,道路和水上运输工程技术人员,3,0,1
906,产品工程师（S202314）（二级公司-沪东重机）,船舶制造人员,2,0,1
912,产品工程师（S202314）（二级公司-沪东重机）,船舶制造人员,2,0,1
908,2023年应届毕业生,船舶制造人员,2,0,1
913,博士后科研工作站招聘(J11262),海洋工程技术人员,4,0,1
909,博士后科研工作站招聘(J11262),海洋工程技术人员,4,0,1
916,检验检测工程师,海洋工程技术人员,3,0,1
917,中国铁建港航局集团投资事业部 建设管理部 部员,道路和水上运输工程技术人员,2,0,1
918,高级开发经理（海风）,海洋工程技术人员,3,0,1
919,2023年度校园招聘,道路和水上运输工程技术人员,0,0,1
921,船机管理员,船舶制造人员,1,0,1
920,施工队长,海洋工程技术人员,2,0,1
924,港口操作员（本岗位为2023年校招）,海洋工程技术人员,1,0,1
923,车间主任,船舶制造人员,1,0,1
926,码头质量工程师,道路和水上运输工程技术人员,1,0,1
925,电仪工程师,海洋工程技术人员,2,0,1
932,工程管理部工程管理人员（珠海）,海洋工程技术人员,2,0,1
931,业务经理,海洋工程技术人员,2,0,1
933,动物管理中心总监,水产技术人员,2,0,1
934,助理技术服务工程师,水产技术人员,1,0,1
935,售前技术支持工程师（储能）,道路和水上运输工程技术人员,1,0,1
937,质检员（丽水）,船舶制造人员,1,0,1
938,船体技术员,船舶制造人员,1,0,1
942,投标工程师,海洋工程技术人员,1,0,1
945,水产养殖项目负责人,水产技术人员,1,0,1
946,船厂质检员,船舶制造人员,1,0,1
947,船体主管,船舶制造人员,1,0,1
948,船体主管,船舶制造人员,1,0,1
950,电力系统分析与优化工程师,海洋工程技术人员,2,0,1
951,机装设计员,道路和水上运输工程技术人员,2,0,1
952,船代操作/单证(船务武汉）,道路和水上运输工程技术人员,1,0,1
954,设备工程师,船舶制造人员,1,0,1
955,载荷分析工程师(J11425),海洋工程技术人员,2,0,1
953,业务助理,道路和水上运输工程技术人员,1,0,1
957,钢结构技术经理,海洋工程技术人员,2,0,1
958,社会招聘-勘测负责人,海洋工程技术人员,1,0,1
959,土建工程师（三亚）,海洋工程技术人员,1,0,1
965,费控工程师（生产类）,海洋工程技术人员,1,0,1
966,理货员,海洋服务人员,2,0,1
968,总经理秘书,道路和水上运输工程技术人员,2,0,1
970,质检员（消防系统、消防杂件、船舶设备等）,道路和水上运输工程技术人员,1,0,1
967,综合管理岗,道路和水上运输工程技术人员,2,0,1
971,体系专员（五险一金）,道路和水上运输工程技术人员,1,0,1
972,技术部长,海洋工程技术人员,1,0,1
973,结构专业资深工程师,船舶制造人员,1,0,1
974,计算专业资深工程师,海洋工程技术人员,1,0,1
978,外运华南-福建公司-外勤（福州）(J13849),船舶指挥和引航人员,1,0,1
977,海务主管,船舶指挥和引航人员,2,0,1
979,漂浮式风机研发工程师(J10482),海洋工程技术人员,3,0,1
982,气象海洋数据分析工程师,海洋工程技术人员,2,0,1
983,生产车间主任,船舶制造人员,2,0,1
981,机务总管,船舶指挥和引航人员,3,0,1
986,海船机工长,船舶制造人员,2,0,1
989,船务专员（天津）,道路和水上运输工程技术人员,2,0,1
991,电气工程师（海工方向）(J11152),海洋工程技术人员,2,0,1
996,安环主任（EHS+质检）,船舶制造人员,2,0,1
994,涂装工艺主任工程师,船舶制造人员,1,0,1
992,超声信号处理算法工程师,海洋工程技术人员,2,0,1
997,船舶轮机（校招储备干部）,船舶指挥和引航人员,1,0,1
999,机管电检验员,船舶制造人员,1,0,1
998,结构工程师,海洋工程技术人员,1,0,1
1002,焊工,船舶制造人员,1,0,1
1003,焊工,船舶制造人员,1,0,1
1005,项目经理,海洋工程技术人员,1,0,1
1009,油品检验员,海洋工程技术人员,1,0,1
1008,虾苗技术助理（海壹种苗）,渔业生产人员,1,0,1
1013,资源开发经理（海上风电）,海洋工程技术人员,1,0,1
1012,分公司负责人,道路和水上运输工程技术人员,1,0,1
1014,工程测算岗(J10851),道路和水上运输工程技术人员,2,0,1
1016,钢结构项目经理,海洋工程技术人员,1,0,1
1018,社会招聘-海上物探负责人,海洋工程技术人员,1,0,1
1017,2025届校园招聘——海洋类专业,海洋工程技术人员,1,0,1
1020,航线管理,道路和水上运输工程技术人员,1,0,1
1023,船舶阀门技术工程师,船舶制造人员,2,0,1
1024,水工专工,道路和水上运输工程技术人员,1,0,1
1026,系统工程师,海洋工程技术人员,2,0,1
1033,港口航道评价项目经理（航评）,道路和水上运输工程技术人员,1,0,1
1032,商务合同主管,海洋工程技术人员,2,0,1
1027,测量工程师-R2723Y,测绘和地理信息工程技术人员,1,0,1
1031,禽畜/水产养殖技术员（甘肃）,渔业生产人员,1,0,1
1028,研发-高级控制软件工程师,海洋工程技术人员,1,0,1
1034,远洋船舶驾驶,船舶指挥和引航人员,1,0,1
1036,污水处理厂副总经理/总经理 (MJ000042),海洋工程技术人员,1,0,1
1035,复合材料工程师（硕士）,船舶制造人员,1,0,1
1037,项目工程师（电仪）,海洋工程技术人员,1,0,1
1038,项目工程师（电仪）,海洋工程技术人员,1,0,1
1039,技术研发工程师（海底光缆）,海洋工程技术人员,1,0,1
1042,化工产品工艺工程师,海洋工程技术人员,1,0,1
1046,项目合同经营主管,海洋工程技术人员,1,0,1
1044,船舶评估师,道路和水上运输工程技术人员,1,0,1
1047,AI算法工程师,海洋工程技术人员,1,0,1
1043,专业设备监理师,海洋工程技术人员,1,0,1
1049,租船高级经理,道路和水上运输工程技术人员,1,0,1
1051,海工设计技术经理,海洋工程技术人员,1,0,1
1052,机械/船体工程师,船舶制造人员,1,0,1
1055,数字化管理岗,海洋工程技术人员,1,0,1
1053,系统测试工程师,海洋工程技术人员,1,0,1
1054,嵌入式硬件工程师,海洋工程技术人员,1,0,1
1056,安全主管,道路和水上运输工程技术人员,2,0,1
1057,船舶调度员,船舶指挥和引航人员,1,0,1
1050,水声研发工程师,海洋工程技术人员,4,0,1
1068,市场信息主管/专员,海洋工程技术人员,2,0,1
1067,设计主任工程师（油气船舶）,道路和水上运输工程技术人员,4,0,1
1069,生产管理主管,船舶制造人员,3,0,1
1073,船电工（中山厂）,船舶制造人员,2,0,1
1071,报告终审员,海洋工程技术人员,2,0,1
1072,电气工程师（中山厂）,海洋工程技术人员,2,0,1
1070,高级焊接工程师,船舶制造人员,4,0,1
1074,轮机放样工程师（中山厂）,海洋工程技术人员,1,0,1
1076,辅助工,船舶制造人员,1,0,1
1077,船体主管,船舶制造人员,1,0,1
1075,电气质检员（国际）,船舶制造人员,1,0,1
1078,电气放样工程师,船舶制造人员,1,0,1
1081,现场操作员,海洋服务人员,1,0,1
1080,海风项目经理（工程管理）（浙江区域）,海洋工程技术人员,1,0,1
1083,船舶装配工,船舶制造人员,1,0,1
1084,生产管理员,道路和水上运输工程技术人员,1,0,1
1082,低压维修电工,船舶制造人员,1,0,1
1085,安技专员,道路和水上运输工程技术人员,3,0,1
1086,船舶评估师,道路和水上运输工程技术人员,2,0,1
1087,控制算法工程师(J10988),海洋工程技术人员,2,0,1
1088,水运工程设计师,海洋工程技术人员,2,0,1
1091,海洋工程总监,海洋工程技术人员,1,0,1
1092,船舶管理岗 (MJ000250),船舶指挥和引航人员,3,0,1
1094,产品经理（照明类）,水产技术人员,2,0,1
1093,电气-工程师、高级工程师、主任工程师,海洋工程技术人员,2,0,1
1100,电气装配技术员,船舶制造人员,1,0,1
1105,技术助理（天津）,渔业生产人员,1,0,1
1107,物流调度员,道路和水上运输工程技术人员,2,0,1
1110,电气系统与测 试工程师,海洋工程技术人员,3,0,1
1109,租船操作岗,道路和水上运输工程技术人员,3,0,1
1116,船机管理员,海洋工程技术人员,2,0,1
1118,计算工程师,海洋工程技术人员,1,0,1
1117,项目经理,海洋工程技术人员,1,0,1
1114,自航耙吸式挖泥船大副,船舶指挥和引航人员,3,0,1
1119,船管,道路和水上运输工程技术人员,3,0,1
1111,工业软件系统工程师,海洋工程技术人员,3,0,1
1121,机械设计工程师（工具公司）,船舶制造人员,1,0,1
1122,检验员,道路和水上运输工程技术人员,2,0,1
1123,电气工程师（油气储运）,海洋工程技术人员,1,0,1
1124,市场方向管培生,道路和水上运输工程技术人员,1,0,1
1125,国际航运操作员,道路和水上运输工程技术人员,1,0,1
1132,测试工程师,海洋工程技术人员,1,0,1
1135,电气工程师,道路和水上运输工程技术人员,1,0,1
1134,工艺助理工程师（24届本科毕业生）,船舶制造人员,1,0,1
1137,水工工程师,道路和水上运输工程技术人员,1,0,1
1138,电气工程师,海洋工程技术人员,1,0,1
1140,轮机质检员（中山厂）,船舶制造人员,1,0,1
1141,钳工（中山厂）,船舶制造人员,1,0,1
1142,内装放样技术员,船舶制造人员,1,0,1
1143,船舶售后主管,船舶制造人员,2,0,1
1149,水工设计师（应届）,道路和水上运输工程技术人员,1,0,1
1145,防腐工程师,海洋工程技术人员,2,0,1
1144,电气自动化工程师,海洋工程技术人员,2,0,1
1147,海上升压站结构工程师,海洋工程技术人员,2,0,1
1150,质量工程师,海洋工程技术人员,1,0,1
1153,电气工程师,道路和水上运输工程技术人员,1,0,1
1156,安装调试工程师,船舶制造人员,1,0,1
1157,深远海绿色能源主任,海洋工程技术人员,4,0,1
1161,一级机电/港航建造师,道路和水上运输工程技术人员,2,0,1
1159,船舶设计师（船舶总体专业，青岛）,海洋工程技术人员,3,0,1
1163,工控系统开发工程师,道路和水上运输工程技术人员,2,0,1
1165,电气设计工程师（绘图）,海洋工程技术人员,2,0,1
1170,Syslab 基础环境-图形库开发,海洋工程技术人员,2,0,1
1171,船舶工程师,海洋工程技术人员,2,0,1
1175,焊工,船舶制造人员,1,0,1
1178,信号处理工程师,海洋工程技术人员,1,0,1
1173,质量经理,船舶制造人员,3,0,1
1182,环境监测采样工程师,海洋服务人员,2,0,1
1180,叉车司机兼仓管（码头）,船舶制造人员,0,0,1
1190,水工结构设计师,海洋工程技术人员,1,0,1
1183,航运业务管培生,船舶指挥和引航人员,1,0,1
1191,浮体工程师（海上风电）,海洋工程技术人员,4,0,1
1192,物联网行业高级研究员,海洋工程技术人员,1,0,1
1193,工程商务助理,海洋工程技术人员,1,0,1
1194,CTO,海洋工程技术人员,2,0,1
1197,水产养殖技术员--福建、江西、广东、广西、湖北,渔业生产人员,1,0,1
1195,Python工程师,海洋工程技术人员,1,0,1
1196,应用支持工程师-智算（武汉）(J11860),海洋工程技术人员,3,0,1
1204,电气质检专员,船舶制造人员,1,0,1
1203,售后工程师（船舶行业）,海洋服务人员,2,0,1
1208,水产技术服务工程师 (MJ004036),水产技术人员,1,0,1
1216,技术总工程师,船舶制造人员,2,0,1
1213,船舶大副,船舶指挥和引航人员,2,0,1
1215,船舶电气详细设计（上海佳豪）,道路和水上运输工程技术人员,2,0,1
1217,门座式起重机司机,道路和水上运输工程技术人员,2,0,1
1220,船舶电焊工,船舶制造人员,1,0,1
1222,施工主管,海洋工程技术人员,1,0,1
1223,2024届启航生,船舶制造人员,0,0,1
1224,涂装工程师,道路和水上运输工程技术人员,1,0,1
1228,社会招聘-海洋测绘负责人,测绘和地理信息工程技术人员,1,0,1
1225,机电工程主管（监修）,道路和水上运输工程技术人员,1,0,1
1231,声学研发工程师(J10022),海洋工程技术人员,1,0,1
1232,电气工程师,道路和水上运输工程技术人员,1,0,1
1230,声学研发工程师(J10022),海洋工程技术人员,1,0,1
1236,系统测试工程师,海洋工程技术人员,1,0,1
1242,电焊工,船舶制造人员,1,0,1
1235,船舶电气工程师,海洋工程技术人员,1,0,1
1246,电子维修技术员（可接受优秀应届毕业生）,船舶制造人员,1,0,1
1247,产品工程师-电气 Product Engineer,海洋工程技术人员,3,0,1
1249,租船操作,道路和水上运输工程技术人员,2,0,1
1248,电气设计员,海洋工程技术人员,2,0,1
1244,游船机务,船舶指挥和引航人员,2,0,1
1253,运筹,海洋工程技术人员,2,0,1
1255,中国铁建港航局集团投资事业部 运维管理部 部员,道路和水上运输工程技术人员,1,0,1
1257,商务,水产技术人员,1,0,1
1250,制造经理,船舶制造人员,3,0,1
1256,兽医专家/兽医技术经理,水产技术人员,3,0,1
1259,项目总监/副总监,道路和水上运输工程技术人员,3,0,1
1258,船员调配,道路和水上运输工程技术人员,3,0,1
1262,bim建模工程师（兼职2月）,海洋工程技术人员,2,0,1
1266,风电场运维人员,道路和水上运输工程技术人员,2,0,1
1268,项目领班（项目合约制）,船舶制造人员,2,0,1
1263,结构工程师,海洋工程技术人员,3,0,1
1272,无损检测业务销售工程师,道路和水上运输工程技术人员,1,0,1
1273,涂装质检员,船舶制造人员,1,0,1
1274,生产主管,船舶制造人员,1,0,1
1275,助理工程师,海洋工程技术人员,2,0,1
1279,电气、轮机调试员,船舶制造人员,2,0,1
1280,电气安装主管,船舶制造人员,2,0,1
1277,海工结构工程师,海洋工程技术人员,2,0,1
1278,上位机软件工程师（海防）,海洋工程技术人员,2,0,1
1281,船舶质量管理员,船舶制造人员,1,0,1
1286,客服专员（船务武汉）,道路和水上运输工程技术人员,1,0,1
1285,项目经理,道路和水上运输工程技术人员,2,0,1
1287,航运调度员,道路和水上运输工程技术人员,1,0,1
1288,项目经理（机电工程）,道路和水上运输工程技术人员,2,0,1
1290,船舶设计师（轮机详细设计，青岛）,道路和水上运输工程技术人员,1,0,1
1293,集装箱管理,道路和水上运输工程技术人员,3,0,1
1294,水动力分析工程师,海洋工程技术人员,3,0,1
1301,总体/流体计算工程师,海洋工程技术人员,3,0,1
1309,生态学主管/经理,海洋工程技术人员,2,0,1
1316,工程管理,道路和水上运输工程技术人员,0,0,1
1313,物流资源拓展总监,道路和水上运输工程技术人员,3,0,1
1318,内河船轮机长,船舶指挥和引航人员,1,0,1
1317,内河船只船员,渔业生产人员,2,0,1
1319,行业应用工程师,海洋工程技术人员,3,0,1
1320,电气技术员,海洋工程技术人员,2,0,1
1323,航运安全咨询师,道路和水上运输工程技术人员,2,0,1
1321,焊工,船舶制造人员,2,0,1
1322,焊工,船舶制造人员,2,0,1
1324,码头主管工程师,道路和水上运输工程技术人员,3,0,1
1329,运行岗（副操）,道路和水上运输工程技术人员,2,0,1
1330,专业管理岗（水工专工）,海洋工程技术人员,2,0,1
1331,船务外勤,道路和水上运输工程技术人员,2,0,1
1332,船体详细设计主管工程师,海洋工程技术人员,3,0,1
1335,行业研究分析师,海洋工程技术人员,2,0,1
1340,无损检测员,海洋工程技术人员,2,0,1
1341,客户经理,道路和水上运输工程技术人员,1,0,1
1334,高级工艺工程师,海洋工程技术人员,2,0,1
1342,质量管理中心总监,海洋工程技术人员,2,0,1
1345,商务经理（海工船舶）,测绘和地理信息工程技术人员,1,0,1
1346,装配工,船舶制造人员,1,0,1
1343,质检经理/主管-广东,船舶制造人员,1,0,1
1344,设施设备经理（海工装备）,船舶制造人员,1,0,1
1347,土建质量工程师（码头外包）,道路和水上运输工程技术人员,1,0,1
1352,大客户销售（船舶行业）,道路和水上运输工程技术人员,1,0,1
1353,技术总工程师,海洋工程技术人员,2,0,1
1354,客户服务部经理,船舶制造人员,1,0,1
1355,船体工程师-螺旋桨设计,海洋工程技术人员,2,0,1
1357,装配工（中山厂）,船舶制造人员,1,0,1
1356,船机电质检人员,船舶制造人员,3,0,1
1359,高级开发经理（海上风电）,海洋工程技术人员,1,0,1
1358,质量部经理（国际事业部）,船舶制造人员,2,0,1
1364,研发工程师,海洋工程技术人员,1,0,1
1367,海洋工程钢结构设计工程师,海洋工程技术人员,1,0,1
1363,研发设计师（舾装）,道路和水上运输工程技术人员,1,0,1
1368,船舶设计师（结构计算）,海洋工程技术人员,2,0,1
1369,船舶自动化电气项目工程师,海洋工程技术人员,3,0,1
1380,海上风电工程师,海洋工程技术人员,4,0,1
1386,储备干部,道路和水上运输工程技术人员,0,0,1
1385,船舶柴油机制造工程师（S202314）（二级公司-沪东重机）,船舶制造人员,3,0,1
1383,船舶柴油机制造工程师（S202314）（二级公司-沪东重机）,船舶制造人员,3,0,1
1387,项目工程师（结构）,海洋工程技术人员,4,0,1
1388,项目工程师（结构）,海洋工程技术人员,4,0,1
1391,数据分析师,海洋工程技术人员,2,0,1
1394,港口信息化工程师,海洋工程技术人员,2,0,1
1396,工程项目经理,海洋工程技术人员,2,0,1
1395,项目高级技术主管,道路和水上运输工程技术人员,0,0,1
1398,遥感算法工程师（气象海洋）,海洋工程技术人员,2,0,1
1397,集装箱班轮操作,水产技术人员,1,0,1
1401,技术服务工程师,水产技术人员,1,0,1
1403,船体详细设计主管工程师,船舶制造人员,2,0,1
1404,船体详细设计主管工程师,海洋工程技术人员,2,0,1
1405,管系质检专员,船舶制造人员,1,0,1
1408,产品经理,海洋工程技术人员,2,0,1
1406,系统工程师,海洋工程技术人员,3,0,1
1411,船体/轮机/电气设计工程师,海洋工程技术人员,2,0,1
1407,机械维修工,船舶制造人员,2,0,1
1412,轮机技术员,海洋工程技术人员,1,0,1
1413,船舶建造项目经理,船舶指挥和引航人员,1,0,1
1415,研发工程师,海洋工程技术人员,1,0,1
1417,电气详设工程师,海洋工程技术人员,1,0,1
1418,船舶项目经理,船舶制造人员,1,0,1
1421,电气主管设计师,船舶制造人员,1,0,1
1419,防腐工,船舶制造人员,1,0,1
1426,电气工程师,道路和水上运输工程技术人员,1,0,1
1425,解决方案经理（交通）(J11020),海洋工程技术人员,1,0,1
1428,产品经理（声学超构材料）,海洋工程技术人员,3,0,1
1422,研发设计师（总体）,海洋工程技术人员,3,0,1
1439,船舶机电工程师,道路和水上运输工程技术人员,2,0,1
1440,海上风电开发主管,海洋工程技术人员,2,0,1
1448,解决方案经理,道路和水上运输工程技术人员,2,0,1
1447,工程类实习（24届可留用）,海洋工程技术人员,2,0,1
1449,化工工艺工程师,海洋工程技术人员,1,0,1
1450,海务主管,道路和水上运输工程技术人员,3,0,1
1452,技术培训生,海洋工程技术人员,1,0,1
1453,指导船长,船舶指挥和引航人员,1,0,1
1455,工程主管,船舶制造人员,1,0,1
1456,电焊工,船舶制造人员,0,0,1
1457,研究员（变压器-新能源、特-C5595T,海洋工程技术人员,1,0,1
1454,设计员,海洋工程技术人员,2,0,1
1461,中科院直聘：软件工程岗,海洋工程技术人员,1,0,1
1462,初级策划员（操作）-C3982X,道路和水上运输工程技术人员,1,0,1
1465,船厂施工工人,船舶制造人员,1,0,1
1464,生产管培生,水产技术人员,1,0,1
1466,仪表算法工程师,海洋工程技术人员,1,0,1
1470,硬件工程师（电源产品）,船舶制造人员,1,0,1
1472,电气主管,道路和水上运输工程技术人员,1,0,1
1471,船体工程师（中山厂）,道路和水上运输工程技术人员,2,0,1
1474,采购主管,船舶制造人员,1,0,1
1478,钳工,船舶制造人员,1,0,1
1479,渔业自动化工程师（应届管培生）,水产技术人员,2,0,1
1483,工业工程师,海洋工程技术人员,1,0,1
1481,解决方案负责人,海洋工程技术人员,2,0,1
1484,船舶外勤,海洋服务人员,1,0,1
1485,航运市场分析专员,海洋工程技术人员,1,0,1
1486,海洋工程技术研究中心研究员,海洋工程技术人员,1,0,1
1488,航运管理管培生,道路和水上运输工程技术人员,1,0,1
1487,船舶轮机设计师（详细设计）,船舶制造人员,1,0,1
1489,租船经理,道路和水上运输工程技术人员,1,0,1
1490,海外销售（船舶自动化信息化）,道路和水上运输工程技术人员,1,0,1
1492,销售工程师,海洋工程技术人员,1,0,1
1493,高级技术工程师,海洋工程技术人员,1,0,1
1497,海洋仪器运维工程师,海洋服务人员,1,0,1
1495,行销经理-通导&信息化,海洋工程技术人员,1,0,1
1498,24届-电力电子功率硬件工程师(J10077),船舶制造人员,1,0,1
1499,人工智能算法工程师,海洋工程技术人员,1,0,1
1510,海洋馆寒假兼职,海洋服务人员,0,0,1
1509,配管专业资深工程师,海洋工程技术人员,3,0,1
1513,动力学分析工程师(J10409),海洋工程技术人员,3,0,1
1512,体系管理,海洋服务人员,2,0,1
1516,电气主管,道路和水上运输工程技术人员,1,0,1
1515,吊装主管,海洋工程技术人员,2,0,1
1514,科研项目主管,海洋工程技术人员,2,0,1
1517,液压系统工程师（工具公司）,海洋工程技术人员,2,0,1
1502,技术员,海洋工程技术人员,2,0,1
1518,修船总管,船舶制造人员,2,0,1
1519,水产养殖操作工,渔业生产人员,2,0,1
1523,运行岗,船舶制造人员,2,0,1
1525,舾装总体设计高级工程师,船舶制造人员,2,0,1
1524,轮机详细设计主管工程师,船舶制造人员,2,0,1
1522,海事港航信息化项目经理,海洋工程技术人员,2,0,1
1528,船舶调度（外派）,船舶指挥和引航人员,2,0,1
1527,系统工程师,海洋工程技术人员,2,0,1
1526,海洋装备设计工程师,海洋工程技术人员,2,0,1
1529,海运操作专员（梧州）,道路和水上运输工程技术人员,2,0,1
1530,船务专员（南宁）,道路和水上运输工程技术人员,2,0,1
1534,质检员（舟山）,船舶制造人员,1,0,1
1531,船务专员（日照）,道路和水上运输工程技术人员,3,0,1
1535,高级焊接工程师,船舶制造人员,2,0,1
1540,电工,船舶制造人员,3,0,1
1537,船舶结构详细设计（镇江）,道路和水上运输工程技术人员,2,0,1
1538,计划工程师,海洋工程技术人员,2,0,1
1544,精度员,船舶制造人员,2,0,1
1543,精益高级主管,船舶制造人员,3,0,1
1550,能源环保2024届校招,海洋工程技术人员,2,0,1
1545,起重主管,船舶制造人员,2,0,1
1546,研发设计师（电气）,海洋工程技术人员,4,0,1
1551,装卸机械工艺工程师,道路和水上运输工程技术人员,1,0,1
1552,社会招聘-海洋测绘负责人,测绘和地理信息工程技术人员,1,0,1
1554,声呐资深专家,海洋工程技术人员,2,0,1
1558,海务主管,道路和水上运输工程技术人员,4,0,1
1555,遥感算法工程师,海洋工程技术人员,1,0,1
1559,海务管理,船舶指挥和引航人员,1,0,1
1568,感知定位算法工程师,海洋工程技术人员,1,0,1
1566,养殖/文旅工程师,海洋工程技术人员,1,0,1
1571,作业协调技术员,海洋服务人员,1,0,1
1572,船舶贸易项目助理,道路和水上运输工程技术人员,2,0,1
1570,前端开发（双休）,测绘和地理信息工程技术人员,2,0,1
1573,评估勘验助理,海洋工程技术人员,1,0,1
1574,内河船长、轮机长、船员,船舶指挥和引航人员,3,0,1
1575,行业应用工程师,海洋工程技术人员,2,0,1
1577,体系主管,海洋工程技术人员,2,0,1
1579,施工管理员（运维）,海洋工程技术人员,1,0,1
1580,海运航线销售客服,道路和水上运输工程技术人员,1,0,1
1581,资产管理（船舶方向）,船舶指挥和引航人员,1,0,1
1578,自航耙吸式挖泥船船长,船舶指挥和引航人员,1,0,1
1582,采购主管,海洋服务人员,1,0,1
1583,初级船舶配载员,船舶指挥和引航人员,1,0,1
1588,生产计划主管,船舶制造人员,1,0,1
1587,轮机工程师,道路和水上运输工程技术人员,1,0,1
1589,项目经理-海工装备,海洋工程技术人员,1,0,1
1590,设计总工程师,海洋工程技术人员,1,0,1
1591,结构检验员,船舶制造人员,1,0,1
1596,船机电三大类生产管理主管与经理,船舶制造人员,1,0,1
1597,综合管理部（生产统计）经理,船舶制造人员,1,0,1
1598,船体放样工程师（国际事业部）,船舶制造人员,1,0,1
1599,生产经理（国际事业部）,道路和水上运输工程技术人员,3,0,1
1601,轮机详设工程师,海洋工程技术人员,3,0,1
1600,采购员,船舶制造人员,2,0,1
1602,涂装主管,船舶制造人员,3,0,1
1607,电气工程师,道路和水上运输工程技术人员,3,0,1
1606,项目主管（轮机）,船舶指挥和引航人员,1,0,1
1610,水文专业技术人员,道路和水上运输工程技术人员,2,0,1
1612,外运华南-中珠-外勤业务员(J16357),海洋服务人员,3,0,1
1611,外运华南-港航-梧州仓码操作部中控员(J16687),海洋服务人员,3,0,1
1614,海运操作员,道路和水上运输工程技术人员,3,0,1
1613,博士后研究员,海洋工程技术人员,3,0,1
1618,CAD绘图工程师,海洋工程技术人员,1,0,1
1619,项目经理,海洋工程技术人员,3,0,1
1621,水产技术服务员,渔业生产人员,1,0,1
1624,操作计量员,海洋工程技术人员,1,0,1
1620,散货码头工艺工程师,道路和水上运输工程技术人员,3,0,1
1625,船舶维修,船舶制造人员,1,0,1
1626,bms嵌入式软件工程师,海洋工程技术人员,1,0,1
1627,来料成品检验主管,船舶制造人员,2,0,1
1631,海上风电场群规划设计平台高级研发工程师,海洋工程技术人员,3,0,1
1632,机务主管,道路和水上运输工程技术人员,2,0,1
1633,web前端高级开发工程师,测绘和地理信息工程技术人员,1,0,1
1637,算法,海洋工程技术人员,1,0,1
1634,水动力分析工程师,海洋工程技术人员,1,0,1
1635,码头调度,道路和水上运输工程技术人员,2,0,1
1636,港口航道方向 技术负责人（上海分公司）,道路和水上运输工程技术人员,1,0,1
1640,海上安全培训教员（急救教员）(J10505),海洋服务人员,1,0,1
1644,水产养殖技术员--上林,渔业生产人员,1,0,1
1642,港口自动化工程师,海洋工程技术人员,1,0,1
1649,船舶电气工程师,道路和水上运输工程技术人员,1,0,1
1651,业务经理,海洋工程技术人员,2,0,1
1650,高级结构工程师,海洋工程技术人员,3,0,1
1663,客户服务部经理,船舶制造人员,1,0,1
1660,质检经理（海工装备）,船舶制造人员,2,0,1
1657,技术支持工程师（项目）(J11232),道路和水上运输工程技术人员,2,0,1
1665,轮机质检员,船舶制造人员,1,0,1
1664,技术中心管理岗,船舶制造人员,2,0,1
1669,销售,道路和水上运输工程技术人员,1,0,1
1670,船舶下料加工主管,船舶制造人员,2,0,1
1668,电气放样工程师,海洋工程技术人员,2,0,1
1667,电气放样工程师,海洋工程技术人员,2,0,1
1666,船体详设工程师,海洋工程技术人员,2,0,1
1671,船舶小组拼板主管,船舶制造人员,2,0,1
1673,水产自动化养殖工程师,水产技术人员,3,0,1
1674,普通操作工,海洋服务人员,1,0,1
1677,解决方案经理-交通方向(J11150),海洋工程技术人员,1,0,1
1680,土建工程师（舟山）,海洋工程技术人员,1,0,1
1690,总体设计设计师/高级设计师,道路和水上运输工程技术人员,1,0,1
1683,海洋测绘工程师,测绘和地理信息工程技术人员,2,0,1
1684,市场总监,道路和水上运输工程技术人员,1,0,1
1682,光伏设计工程师,海洋工程技术人员,3,0,1
1691,软件工程师-充换电 (MJ014638),海洋工程技术人员,2,0,1
1692,海洋生态监测实验员,海洋工程技术人员,2,0,1
1694,海上风电并网分析工程师,海洋工程技术人员,2,0,1
1701,港口业务管培生,道路和水上运输工程技术人员,1,0,1
1696,船代外勤,道路和水上运输工程技术人员,1,0,1
1695,海务主管,船舶指挥和引航人员,2,0,1
1702,港口副总经理,道路和水上运输工程技术人员,1,0,1
1703,储备技术助理,渔业生产人员,1,0,1
1704,自动化工程师,海洋工程技术人员,1,0,1
1705,销售储备干部（海运/物流）,道路和水上运输工程技术人员,3,0,1
1710,海上安全培训教员（理论教员）(J10503),道路和水上运输工程技术人员,2,0,1
1711,项目技术质量部主任/副主任,道路和水上运输工程技术人员,2,0,1
1712,项目总工（技术负责人）,道路和水上运输工程技术人员,2,0,1
1714,安全员,道路和水上运输工程技术人员,2,0,1
1717,物流专员,海洋服务人员,1,0,1
1713,项目副总经理,海洋工程技术人员,2,0,1
1715,探伤工,船舶制造人员,2,0,1
1716,探伤工,船舶制造人员,2,0,1
1718,AI算法工程师,海洋工程技术人员,2,0,1
1724,中控理货员,海洋服务人员,1,0,1
1728,区域销售经理（港口销售）,道路和水上运输工程技术人员,1,0,1
1726,结构设计工程师,船舶制造人员,1,0,1
1736,船闸方向项目经理,道路和水上运输工程技术人员,1,0,1
1732,结构设计工程师,海洋工程技术人员,1,0,1
1735,高级硬件工程师（模拟）(J11811),海洋工程技术人员,1,0,1
1739,电气工程师（总部）,海洋工程技术人员,1,0,1
1740,技术总工程师,海洋工程技术人员,1,0,1
1742,质检师（江阴）,船舶制造人员,1,0,1
1741,涂装主管设计师,海洋工程技术人员,1,0,1
1738,船体工程师-研发,海洋工程技术人员,1,0,1
1745,海务经理,道路和水上运输工程技术人员,2,0,1
1743,船舶调度,船舶指挥和引航人员,1,0,1
1746,船舶电气工程师,船舶制造人员,1,0,1
1747,项目经营,海洋工程技术人员,2,0,1
1748,融资租赁部门负责人/项目经理（船舶方向)--宁波事业部,海洋工程技术人员,2,0,1
1749,电气一次技术与管理,海洋工程技术人员,1,0,1
1752,助理土建工程师（三亚）,海洋工程技术人员,1,0,1
1750,海事人事主管,海洋服务人员,2,0,1
1753,航运调度员,道路和水上运输工程技术人员,1,0,1
1755,应往届大连海事、上海海事毕业生（物流、租船方向）,道路和水上运输工程技术人员,2,0,1
1760,2023校招职位,船舶制造人员,1,0,1
1759,能控工程师（LNG及甲醇供给系统）,道路和水上运输工程技术人员,3,0,1
1762,高级技术员,道路和水上运输工程技术人员,1,0,1
1761,综合工程师（土建方向）,道路和水上运输工程技术人员,1,0,1
1764,海务助理,海洋服务人员,1,0,1
1766,水手,渔业生产人员,0,0,1
1767,结构设计工程师（硕士）,海洋工程技术人员,1,0,1
1777,藻类助理,水产技术人员,2,0,1
1769,船舶解决方案经理,道路和水上运输工程技术人员,3,0,1
1779,散杂货管理,道路和水上运输工程技术人员,0,0,1
1781,2023年毕业大学生校园招聘---通防技术,测绘和地理信息工程技术人员,0,0,1
1783,现场操作,道路和水上运输工程技术人员,1,0,1
1785,气象、海洋、环境售前技术总师,海洋工程技术人员,1,0,1
1784,水声信号处理工程师,海洋工程技术人员,1,0,1
1787,国际商务经理,海洋工程技术人员,1,0,1
1786,海务主管,船舶指挥和引航人员,1,0,1
1789,营销经理-I7705K,测绘和地理信息工程技术人员,1,0,1
1788,营销代表,渔业生产人员,1,0,1
1793,船舶总体设计高级工程师,海洋工程技术人员,1,0,1
1794,高级售后专员,海洋工程技术人员,2,0,1
1795,水声算法工程师,海洋工程技术人员,3,0,1
1796,系统测试工程师,海洋工程技术人员,1,0,1
1799,机务管理岗（海船机务）,道路和水上运输工程技术人员,2,0,1
1802,水产技术员,水产技术人员,1,0,1
1798,机务肋理,海洋服务人员,1,0,1
1801,国际工程项目物流经理,道路和水上运输工程技术人员,2,0,1
1797,高级工艺工程师,海洋工程技术人员,2,0,1
1814,质检员（舟山）,船舶制造人员,1,0,1
1810,电气设备工程师,船舶制造人员,0,0,1
1815,电焊工,船舶制造人员,1,0,1
1819,销售工程师 (无损检测）,海洋工程技术人员,1,0,1
1821,海洋测绘工程师,测绘和地理信息工程技术人员,2,0,1
1818,船舶轮机详细设计（镇江）,道路和水上运输工程技术人员,1,0,1
1822,机管电检验员,道路和水上运输工程技术人员,1,0,1
1820,生态调查工程师,海洋工程技术人员,3,0,1
1824,电气放样工程师（中山厂）,海洋工程技术人员,1,0,1
1825,修船经营部经理,船舶制造人员,1,0,1
1827,管道工,船舶制造人员,1,0,1
1826,电气学徒工,船舶制造人员,1,0,1
1828,钳工,船舶制造人员,2,0,1
1829,钳工,船舶制造人员,2,0,1
1833,船舶分段检验专员,道路和水上运输工程技术人员,1,0,1
1835,集配主管,船舶制造人员,3,0,1
1834,船舶舾装设计师,海洋工程技术人员,3,0,1
1837,起重工,船舶制造人员,1,0,1
1839,水产技术服务推广,水产技术人员,1,0,1
1840,藻种创制技术工程师（通威农发）,水产技术人员,2,0,1
1844,助理土建工程师（三亚）,道路和水上运输工程技术人员,1,0,1
1845,助理土建工程师（雄安）,海洋工程技术人员,0,0,1
1846,现场操作,海洋服务人员,1,0,1
1847,声学研发工程师(J10022),海洋工程技术人员,1,0,1
1851,售后服务工程师,海洋服务人员,1,0,1
1848,船舶网络安全工程师,海洋工程技术人员,3,0,1
1850,船舶网络安全工程师,海洋工程技术人员,3,0,1
1853,项目助理工程师,海洋工程技术人员,1,0,1
1854,销售经理（海洋、渔船、养殖照明）,海洋工程技术人员,1,0,1
1857,拖轮驾驶员,船舶指挥和引航人员,1,0,1
1849,船舶自动化电气项目工程师,海洋工程技术人员,3,0,1
1858,机务主管,道路和水上运输工程技术人员,3,0,1
1862,船舶电气调试工程师,船舶制造人员,2,0,1
1863,轮机员,船舶指挥和引航人员,1,0,1
1869,海运船代操作,海洋服务人员,1,0,1
1874,船舶代理外勤业务员,海洋服务人员,1,0,1
1867,船舶船用变频电气工程师 (MJ013911),船舶制造人员,2,0,1
1877,质量工程师,海洋工程技术人员,1,0,1
1881,体系管理员,道路和水上运输工程技术人员,1,0,1
1880,中国铁建港航局集团投资事业部 运维管理部 部长/副部长,海洋工程技术人员,1,0,1
1879,机务修理工程师,道路和水上运输工程技术人员,1,0,1
1882,船舶管道设计工程师,海洋工程技术人员,1,0,1
1885,安全体系主管,船舶制造人员,2,0,1
1886,风电场运维人员,海洋工程技术人员,3,0,1
1892,项目经理-海工装备,海洋工程技术人员,3,0,1
1893,船舶建造,船舶制造人员,0,0,1
1894,产品经理,测绘和地理信息工程技术人员,2,0,1
1898,标准化工程师,船舶制造人员,1,0,1
1901,船舶售后,船舶制造人员,2,0,1
1900,采购员,船舶制造人员,1,0,1
1902,长白班杂工（入职需通过职业健康体检）,船舶制造人员,0,0,1
1904,设备主管,船舶制造人员,2,0,1
1906,（博士）科技项目申报经理,海洋工程技术人员,2,0,1
1907,工艺技术（技术管理方向）,船舶制造人员,1,0,1
1908,工艺工程师,船舶制造人员,1,0,1
1903,船机电送详生设计师,海洋工程技术人员,4,0,1
1911,2025届校园招聘——海洋类专业（博士）,海洋工程技术人员,1,0,1
1910,分公司负责人,道路和水上运输工程技术人员,1,0,1
1918,埋弧焊工,船舶制造人员,1,0,1
1916,船舶轮机员,船舶指挥和引航人员,1,0,1
1919,行业销售经理（新疆）,海洋工程技术人员,0,0,1
1920,钢管总成项目技术主管,海洋工程技术人员,1,0,1
1927,开发设计师（柔直控保）,海洋工程技术人员,3,0,1
1928,管路工程师,海洋工程技术人员,2,0,1
1929,船舶信息化与自动化工程师,海洋工程技术人员,2,0,1
1932,海上安全工程师,海洋工程技术人员,2,0,1
1931,功能涂层材料研发工程师,海洋工程技术人员,2,0,1
1933,机械工程师,道路和水上运输工程技术人员,2,0,1
1930,集装箱业务负责人,道路和水上运输工程技术人员,2,0,1
1934,世纪航运招聘货运代理专员,道路和水上运输工程技术人员,1,0,1
1935,漂浮式风机海上安装分析工程师,海洋工程技术人员,2,0,1
1936,海上风电项目总工,海洋工程技术人员,2,0,1
1937,项目工程部主任/副主任,道路和水上运输工程技术人员,1,0,1
1941,安全经理,船舶制造人员,1,0,1
1938,项目商务合同部合同管理/计量员,道路和水上运输工程技术人员,1,0,1
1940,项目经理,海洋工程技术人员,1,0,1
1939,液压设备管理员,海洋服务人员,1,0,1
1942,星图维天信 CTO(J10412),海洋工程技术人员,1,0,1
1945,助理结构设计师,海洋工程技术人员,1,0,1
1948,区域销售总监/经理-海南,海洋工程技术人员,1,0,1
1949,海洋遥感算法工程师,海洋工程技术人员,1,0,1
1950,港口电气主任（印尼） (MJ003390),道路和水上运输工程技术人员,1,0,1
1953,运行岗（分析员）,海洋服务人员,1,0,1
1954,大管轮（丁类、拖轮）,船舶指挥和引航人员,2,0,1
1958,商务主管/专员（可应届）,道路和水上运输工程技术人员,2,0,1
1952,船舶网络安全工程师,海洋工程技术人员,3,0,1
1960,海运出口操作（化工品）,道路和水上运输工程技术人员,2,0,1
1957,交付管理总监--海工/船舶,道路和水上运输工程技术人员,2,0,1
1962,船舶工程师,海洋工程技术人员,2,0,1
1964,海洋测绘工程师,测绘和地理信息工程技术人员,2,0,1
1972,采购工程师（船舶）,道路和水上运输工程技术人员,1,0,1
1969,机加工,船舶制造人员,1,0,1
1970,轮机工程师,道路和水上运输工程技术人员,2,0,1
1971,轮机工程师,道路和水上运输工程技术人员,2,0,1
1974,操作调度,道路和水上运输工程技术人员,1,0,1
1967,高级硬件工程师(J10780),海洋工程技术人员,2,0,1
1977,轮机主管,船舶制造人员,2,0,1
1979,船舶舾装设计员,海洋工程技术人员,1,0,1
1978,机装设计主管,道路和水上运输工程技术人员,3,0,1
1980,设计师岗,海洋工程技术人员,2,0,1
1984,藻种创制技术工程师（通威农发）,水产技术人员,2,0,1
1986,项目总工程师（海上风电）,海洋工程技术人员,2,0,1
1987,项目总工程师（海上风电）,海洋工程技术人员,4,0,1
1981,研发设计师（结构规范计算）,海洋工程技术人员,4,0,1
1989,国际物流总监,道路和水上运输工程技术人员,2,0,1
1994,安全专责（东北）,海洋工程技术人员,1,0,1
1998,系统分析高级工程师,海洋工程技术人员,2,0,1
1996,电气自动化工程师,海洋工程技术人员,3,0,1
2002,设计工程师,船舶制造人员,1,0,1
2003,智能船舶技术,道路和水上运输工程技术人员,2,0,1
2006,港口与航道工程管理人员,道路和水上运输工程技术人员,1,0,1
2005,港口航道/水利水电专业一、二级建造师，中高级工程师,道路和水上运输工程技术人员,1,0,1
2009,船舶代理业务调度主管,道路和水上运输工程技术人员,2,0,1
2013,机械系统工程师,海洋工程技术人员,3,0,1
2017,施工总监,海洋工程技术人员,3,0,1
2015,水文分析工程师,海洋工程技术人员,2,0,1
2011,项目助理,船舶制造人员,0,0,1
2023,船舶商务（外派）,道路和水上运输工程技术人员,2,0,1
2022,汽车物流项目经理,道路和水上运输工程技术人员,3,0,1
2027,项目经理,海洋工程技术人员,3,0,1
2026,电缆研发工程师,海洋工程技术人员,1,0,1
2034,设备经理（中山厂）,船舶制造人员,2,0,1
2036,生产副经理,道路和水上运输工程技术人员,3,0,1
2038,生产副经理,船舶制造人员,3,0,1
2035,采购员,船舶制造人员,1,0,1
2039,轮机放样工程师,船舶制造人员,1,0,1
2037,轮机放样工程师,船舶制造人员,1,0,1
2042,船舶分段管理主管,船舶制造人员,1,0,1
2040,码头调度员,海洋服务人员,1,0,1
2041,分段车间主管,船舶制造人员,1,0,1
2044,技术员（海上风电）,海洋工程技术人员,1,0,1
2046,项目经理（机电工程）,道路和水上运输工程技术人员,1,0,1
2047,门座机司机,船舶制造人员,2,0,1
2048,电气设计师,海洋工程技术人员,2,0,1
2051,管线工（华东公司）,船舶制造人员,3,0,1
2053,土建工程师（舟山）,海洋工程技术人员,1,0,1
2058,港航工程师--水环境所（2023年）,道路和水上运输工程技术人员,3,0,1
2063,电气详设工程师,海洋工程技术人员,1,0,1
2064,电气详设工程师,海洋工程技术人员,1,0,1
2059,海务主管,船舶指挥和引航人员,4,0,1
2065,防腐工,船舶制造人员,1,0,1
2062,焊接工程师,船舶制造人员,3,0,1
2066,漂浮式能源岛创新首席工程师(J10894),海洋工程技术人员,2,0,1
2070,专业管理岗（完整性专工）,海洋工程技术人员,1,0,1
2071,专业管理岗（水工专工）,道路和水上运输工程技术人员,1,0,1
2072,专业管理岗（数字化专工）,海洋工程技术人员,1,0,1
2069,运行岗（现场操作员）,海洋服务人员,1,0,1
2077,专业管理岗（工艺专工）,海洋工程技术人员,1,0,1
2074,运行岗（计量员）,道路和水上运输工程技术人员,1,0,1
2079,运行岗,海洋工程技术人员,1,0,1
2080,运行岗（主操）,道路和水上运输工程技术人员,1,0,1
2082,海运航线,海洋服务人员,1,0,1
2083,船务外勤,海洋服务人员,3,0,1
2086,文控专员,海洋服务人员,2,0,1
2087,IT见习,海洋工程技术人员,2,0,1
2088,管系设计工程师,海洋工程技术人员,2,0,1
2090,海船机工长,船舶制造人员,3,0,1
2089,机械工程师（产品设计方向）,船舶制造人员,1,0,1
2091,海船驾驶员,船舶指挥和引航人员,3,0,1
2092,船舶电气工程师,船舶制造人员,3,0,1
2093,机械/船体工程师,海洋工程技术人员,2,0,1
2094,业务经理,海洋工程技术人员,3,0,1
2096,业务经理,海洋工程技术人员,1,0,1
2095,结构工程师,海洋工程技术人员,1,0,1
2099,水声系统工程师,海洋工程技术人员,1,0,1
2098,系统工程师,海洋工程技术人员,1,0,1
2102,动物管理部负责人,水产技术人员,2,0,1
2097,高级工艺工程师,海洋工程技术人员,1,0,1
2103,初级策划员（操作）-C3982X,船舶指挥和引航人员,1,0,1
2100,海洋装备设计工程师,海洋工程技术人员,1,0,1
2104,船舶调度员,船舶指挥和引航人员,1,0,1
2101,高级工艺工程师,海洋工程技术人员,1,0,1
2105,机务管理岗（海船机务）,船舶指挥和引航人员,3,0,1
2106,工程管理部工程管理人员,海洋工程技术人员,3,0,1
2107,船舶推进器机械设计工程师,海洋工程技术人员,1,0,1
2110,海运安全主管,道路和水上运输工程技术人员,4,0,1
2109,焊接机器人工艺专家,海洋工程技术人员,1,0,1
2111,监理工程师,海洋工程技术人员,1,0,1
2116,船舶调度（外派）,水产技术人员,1,0,1
2120,结构设计工程师,船舶制造人员,1,0,1
2121,船务专员（南宁）,道路和水上运输工程技术人员,1,0,1
2125,水工工程师,海洋工程技术人员,1,0,1
2123,采购主管/经理（船舶物资方向）,道路和水上运输工程技术人员,2,0,1
2124,船务专员（天津）,道路和水上运输工程技术人员,2,0,1
2126,产品经理,海洋工程技术人员,2,0,1
2136,售后技术支持工程师,海洋工程技术人员,2,0,1
2137,售后技术支持工程师（上市公司）,海洋服务人员,2,0,1
2146,船舶总包项目经理岗,船舶制造人员,1,0,1
2147,船舶内装QC,船舶制造人员,1,0,1
2145,船舶内装研发工程师,海洋工程技术人员,2,0,1
2148,船厂施工工人,船舶制造人员,1,0,1
2150,木工安装工,船舶制造人员,1,0,1
2151,工人领班-船舶内装工程,船舶制造人员,1,0,1
2149,船舶总包采购,船舶制造人员,2,0,1
2152,敷料工,船舶制造人员,1,0,1
2154,焊工-船舶内装,船舶制造人员,1,0,1
2153,项目领班（项目合约制）,船舶制造人员,1,0,1
2155,瓷片工,船舶制造人员,1,0,1
2161,海工项目经理(J11698),海洋工程技术人员,3,0,1
2162,电气工程师（海工方向）(J11152),海洋工程技术人员,2,0,1
2172,质检员（丽水）,船舶制造人员,1,0,1
2175,管系检验工程师,道路和水上运输工程技术人员,1,0,1
2174,涂装工艺主任工程师,海洋工程技术人员,1,0,1
2176,焊接工程师,海洋工程技术人员,1,0,1
2177,设计主任工程师（油气船舶）,道路和水上运输工程技术人员,1,0,1
2179,焊接工艺主任工程师,船舶制造人员,1,0,1
2178,轮机工程师,船舶制造人员,1,0,1
2181,项目经理,海洋工程技术人员,1,0,1
2180,电气工程师,船舶制造人员,1,0,1
2182,管系工程师,海洋工程技术人员,1,0,1
2184,结构设计工程师,海洋工程技术人员,1,0,1
2185,采购经理/物控经理（海工）,船舶制造人员,1,0,1
2189,管路设计工程师,海洋工程技术人员,1,0,1
2186,商务主管/专员（可应届）,海洋工程技术人员,2,0,1
2190,市场信息主管/专员,海洋工程技术人员,2,0,1
2191,销售经理（海工、船舶）,海洋工程技术人员,1,0,1
2192,生产计划主管,海洋工程技术人员,1,0,1
2196,油气船舶业务中心总经理,船舶制造人员,1,0,1
2195,项目经理-海工装备,海洋工程技术人员,1,0,1
2194,生产管理主管,船舶制造人员,2,0,1
2193,工艺主管/工程师,船舶制造人员,2,0,1
2200,技术质量经理,海洋工程技术人员,1,0,1
2202,商务经理（海工船舶）,海洋工程技术人员,2,0,1
2201,焊接工艺工程师,船舶制造人员,2,0,1
2206,油气船舶销售总经理,道路和水上运输工程技术人员,2,0,1
2208,船舶建造项目经理,船舶制造人员,2,0,1
2205,涂装生产主管,船舶制造人员,2,0,1
2207,风电海工业务中心总经理,海洋工程技术人员,1,0,1
2203,远洋船长,船舶指挥和引航人员,3,0,1
2204,工程技术总监,船舶制造人员,2,0,1
2221,现场应用工程师 FAE,海洋工程技术人员,2,0,1
2219,结构设计工程师,海洋工程技术人员,2,0,1
2222,船舶水手,渔业生产人员,2,0,1
2220,电机控制软件工程师,海洋工程技术人员,2,0,1
2223,船舶轮机长,船舶指挥和引航人员,2,0,1
2225,船长,船舶指挥和引航人员,3,0,1
2226,船舶轮机,船舶指挥和引航人员,2,0,1
2224,船舶轮机（校招储备干部）,船舶指挥和引航人员,0,0,1
2227,土建质量工程师（码头外包）,道路和水上运输工程技术人员,2,0,1
2233,投标工程师,海洋工程技术人员,1,0,1
2235,船舶电工,船舶制造人员,1,0,1
2231,力学及振动噪声测试工程师（NVH）,海洋工程技术人员,1,0,1
2236,船舶结构详细设计（镇江）,海洋工程技术人员,3,0,1
2237,结构工程师,海洋工程技术人员,2,0,1
2238,设计工程师,海洋工程技术人员,2,0,1
2234,计划工程师,海洋工程技术人员,2,0,1
2239,电气工程师（配电）,海洋工程技术人员,3,0,1
2241,无损检测业务销售工程师,道路和水上运输工程技术人员,2,0,1
2240,电气工程师（工控）,道路和水上运输工程技术人员,3,0,1
2242,销售工程师（海洋环境检测业务）,海洋服务人员,2,0,1
2243,销售工程师 (无损检测）,道路和水上运输工程技术人员,2,0,1
2245,销售工程师（海洋环境检测） (MJ008815),海洋工程技术人员,2,0,1
2246,船舶调查员（舟山）,海洋服务人员,1,0,1
2248,采样实习生,海洋服务人员,0,0,1
2247,环境采样工程师（大连）,海洋服务人员,1,0,1
2251,研发工程师,海洋工程技术人员,1,0,1
2250,方案工程师,海洋工程技术人员,1,0,1
2253,机管电检验员,道路和水上运输工程技术人员,1,0,1
2252,研发高级主管,海洋工程技术人员,2,0,1
2254,生产主管（海工板块）,船舶制造人员,1,0,1
2258,PIE工程师,船舶制造人员,1,0,1
2261,港口航道项目经理 (MJ001945),道路和水上运输工程技术人员,1,0,1
2260,锚固工程师,海洋工程技术人员,3,0,1
2262,港口航道设计师 (MJ001944),道路和水上运输工程技术人员,1,0,1
2263,水声工程应用岗,海洋工程技术人员,1,0,1
2266,质检员（武汉市汉南区）,船舶制造人员,1,0,1
2268,技术中心管理岗,海洋工程技术人员,2,0,1
2267,船体工程师（中山厂）,海洋工程技术人员,2,0,1
2270,船体/轮机/电气优培生,海洋工程技术人员,0,0,1
2269,轮机工程师（中山厂）,道路和水上运输工程技术人员,2,0,1
2274,辅助工,船舶制造人员,0,0,1
2272,船体工程师-螺旋桨设计,海洋工程技术人员,2,0,1
2273,跟单员,道路和水上运输工程技术人员,1,0,1
2275,船体主管,船舶制造人员,2,0,1
2276,内装放样技术员,船舶制造人员,1,0,1
2278,电气学徒工,船舶制造人员,1,0,1
2281,销售工程师,海洋工程技术人员,1,0,1
2279,质量部经理（国际事业部）,船舶制造人员,2,0,1
2280,轮机质检员（国际事业部）,船舶制造人员,1,0,1
2283,船厂管培生/实习生,船舶制造人员,1,0,1
2284,电气放样工程师,海洋工程技术人员,1,0,1
2282,轮机放样工程师（中山厂）,海洋工程技术人员,1,0,1
2285,轮机详设工程师,海洋工程技术人员,2,0,1
2287,船体放样工程师（国际事业部）,船舶制造人员,2,0,1
2289,电气工程师（中山厂）,海洋工程技术人员,1,0,1
2288,船机电三大类生产管理主管与经理,船舶制造人员,3,0,1
2292,技术总工程师,道路和水上运输工程技术人员,2,0,1
2291,机加工,船舶制造人员,1,0,1
2293,电气质检员（国际）,船舶制造人员,1,0,1
2294,机加工,船舶制造人员,1,0,1
2295,综合管理部（生产统计）经理,船舶制造人员,1,0,1
2297,船体主管,船舶制造人员,1,0,1
2299,船舶质检实习生,船舶制造人员,1,0,1
2300,项目经理,船舶制造人员,3,0,1
2302,船舶设计实习生（轮机、电气）,船舶制造人员,1,0,1
2304,船舶质检实习生,船舶制造人员,1,0,1
2303,船体检验工程师,船舶制造人员,2,0,1
2305,项目经理,船舶制造人员,3,0,1
2306,生产管培生,船舶制造人员,1,0,1
2307,船舶设计实习生（轮机、电气）,船舶制造人员,1,0,1
2308,船体检验工程师,船舶制造人员,2,0,1
2310,海风项目助理（工程管理）（浙江区域）,海洋工程技术人员,1,0,1
2312,高级开发经理（海上风电）,海洋工程技术人员,2,0,1
2311,海风项目经理（工程管理）（浙江区域）,海洋工程技术人员,1,0,1
2314,海上升压站结构工程师,海洋工程技术人员,3,0,1
2317,现场操作员,道路和水上运输工程技术人员,1,0,1
2321,漂浮式风电一体化仿真技术研发工程师,海洋工程技术人员,3,0,1
2322,电装高级主管设计师,船舶制造人员,1,0,1
2325,船舶小组拼板主管,船舶制造人员,1,0,1
2323,涂装主管设计师,船舶制造人员,1,0,1
2328,精控员,海洋工程技术人员,1,0,1
2327,机修钳工,船舶制造人员,1,0,1
2329,低压维修电工,船舶制造人员,1,0,1
2331,船舶分段检验专员,道路和水上运输工程技术人员,1,0,1
2333,机装设计员,海洋工程技术人员,1,0,1
2334,船体设计员,海洋工程技术人员,1,0,1
2332,船舶搭载主管,道路和水上运输工程技术人员,1,0,1
2337,计划专员,船舶制造人员,1,0,1
2338,设备安全主管,船舶制造人员,1,0,1
2339,船舶舾装设计师,海洋工程技术人员,1,0,1
2335,采购管理(J12780),船舶制造人员,1,0,1
2336,高级机修主管,船舶制造人员,1,0,1
2340,机修钳工,船舶制造人员,1,0,1
2342,分段车间主管,船舶制造人员,2,0,1
2341,高级电修主管,船舶制造人员,1,0,1
2343,工法主管设计师,船舶制造人员,1,0,1
2344,设备主管,船舶制造人员,1,0,1
2345,船舶机装高级主管设计师,船舶制造人员,1,0,1
2346,船舶机装高级主管设计师,道路和水上运输工程技术人员,1,0,1
2347,船舶下料加工主管,船舶制造人员,1,0,1
2348,高级机修主管,船舶制造人员,1,0,1
2349,采购专员,道路和水上运输工程技术人员,2,0,1
2350,船舶质量管理员,船舶制造人员,3,0,1
2354,舾装主管设计师,海洋工程技术人员,3,0,1
2353,集配主管,船舶制造人员,3,0,1
2352,精益高级主管,海洋工程技术人员,3,0,1
2356,电装高级主管设计师,道路和水上运输工程技术人员,2,0,1
2355,船舶舾装设计员,海洋工程技术人员,2,0,1
2357,涂装检验主管,海洋工程技术人员,3,0,1
2358,船舶分段管理主管,船舶制造人员,3,0,1
2361,租船操作,道路和水上运输工程技术人员,3,0,1
2367,湖南电气公司 - 设计师岗,海洋工程技术人员,4,0,1
2365,货代业务员,道路和水上运输工程技术人员,1,0,1
2369,船舶装配工,船舶制造人员,1,0,1
2370,船舶电焊工,船舶制造人员,1,0,1
2368,设计师岗,海洋工程技术人员,1,0,1
2372,项目主管（轮机）,道路和水上运输工程技术人员,1,0,1
2371,质检师（江阴）,海洋工程技术人员,1,0,1
2379,船舶指导员,船舶指挥和引航人员,1,0,1
2377,防腐工,船舶制造人员,1,0,1
2383,租船经理,道路和水上运输工程技术人员,1,0,1
2389,水产技术服务推广,水产技术人员,1,0,1
2391,安全专员,海洋工程技术人员,2,0,1
2393,研发工程师,海洋工程技术人员,2,0,1
2392,产品工艺工程师,海洋工程技术人员,2,0,1
2396,项目经理,海洋工程技术人员,2,0,1
2397,海务经理,道路和水上运输工程技术人员,3,0,1
2398,船舶电气工程师,船舶制造人员,2,0,1
2400,网络安全工程师,道路和水上运输工程技术人员,2,0,1
2401,机电工程主管（监修）,船舶制造人员,2,0,1
2404,业务助理,船舶制造人员,1,0,1
2405,海事会计,海洋服务人员,2,0,1
2410,售后工程师,船舶制造人员,1,0,1
2414,解决方案经理-工业能源方向（J11149）,海洋工程技术人员,2,0,1
2413,解决方案经理-交通方向(J11150),道路和水上运输工程技术人员,1,0,1
2417,电气工程师,道路和水上运输工程技术人员,2,0,1
2416,船舶业务项目经理,道路和水上运输工程技术人员,2,0,1
2415,分析检测员,海洋服务人员,1,0,1
2418,电气工程师,道路和水上运输工程技术人员,2,0,1
2420,船舶外勤,海洋服务人员,2,0,1
2419,班轮进口操作,道路和水上运输工程技术人员,1,0,1
2424,船舶买卖经纪人,船舶指挥和引航人员,2,0,1
2423,租船经纪人,测绘和地理信息工程技术人员,3,0,1
2425,航运市场分析专员,道路和水上运输工程技术人员,2,0,1
2430,门座机司机,船舶制造人员,2,0,1
2426,船舶评估师,海洋服务人员,2,0,1
2432,调度专员,道路和水上运输工程技术人员,1,0,1
2433,水文专业技术人员,道路和水上运输工程技术人员,1,0,1
2435,外运华南-港航-梧州仓码操作部中控员(J16687),水产技术人员,1,0,1
2436,载荷分析工程师(J11425),海洋工程技术人员,2,0,1
2440,海上运输管理岗(J11420),道路和水上运输工程技术人员,2,0,1
2439,资源开发经理（海上风电）,海洋工程技术人员,1,0,1
2442,工程测算岗(J10851),道路和水上运输工程技术人员,4,0,1
2438,风资源工程师(J11455),海洋工程技术人员,3,0,1
2443,生产计划岗（风电）,海洋工程技术人员,3,0,1
2444,海洋基础建设工程师(J11457),海洋工程技术人员,3,0,1
2445,海洋环境工程师(J11456),海洋工程技术人员,2,0,1
2446,海洋工程装备研究中心研究员,海洋工程技术人员,2,0,1
2447,海洋工程技术研究中心研究员,海洋工程技术人员,2,0,1
2450,电建海工公司项目管理及施工技术人员,道路和水上运输工程技术人员,1,0,1
2448,深远海绿色能源主任,海洋工程技术人员,4,0,1
2449,工程项目管理及施工技术人员,道路和水上运输工程技术人员,2,0,1
2453,管线工（华东公司）,海洋服务人员,2,0,1
2456,水利工程师,海洋工程技术人员,2,0,1
2455,海洋生态工程师,海洋工程技术人员,1,0,1
2454,管线工(疏浚公司）,船舶制造人员,2,0,1
2459,产业策划师,海洋工程技术人员,1,0,1
2458,物流规划师,道路和水上运输工程技术人员,1,0,1
2460,水运工程设计师,道路和水上运输工程技术人员,2,0,1
2461,供配电设计工程师,海洋工程技术人员,1,0,1
2465,海运操作员,道路和水上运输工程技术人员,1,0,1
2463,电气工程师（油气储运）,海洋工程技术人员,2,0,1
2473,国际商务经理,海洋工程技术人员,2,0,1
2476,应往届大连海事、上海海事毕业生（物流、租船方向）,道路和水上运输工程技术人员,2,0,1
2474,水动力分析工程师,海洋工程技术人员,1,0,1
2478,租船经理,道路和水上运输工程技术人员,1,0,1
2479,码头经理,船舶指挥和引航人员,2,0,1
2480,码头管理科科长,道路和水上运输工程技术人员,2,0,1
2488,船舶管理岗 (MJ000250),船舶指挥和引航人员,2,0,1
2489,船务部主管,道路和水上运输工程技术人员,2,0,1
2490,码头建设工程师,道路和水上运输工程技术人员,2,0,1
2491,声呐资深专家,海洋工程技术人员,2,0,1
2492,声呐研发经理,海洋工程技术人员,2,0,1
2494,焊接工艺工程师,船舶制造人员,1,0,1
2493,高级售前解决方案工程师,海洋工程技术人员,1,0,1
2496,船舶网络安全工程师,海洋工程技术人员,2,0,1
2499,电气设计工程师（绘图）,海洋工程技术人员,1,0,1
2501,船舶阀门技术工程师,海洋工程技术人员,1,0,1
2503,服务工程师（船舶出差调试）PLC,海洋服务人员,2,0,1
2507,售后电气调试（船舶行业）,船舶制造人员,2,0,1
2506,CAD绘图工程师,船舶制造人员,1,0,1
2513,运行岗（值长）,海洋工程技术人员,1,0,1
2504,船舶自动化电气项目工程师,海洋工程技术人员,3,0,1
2515,船务外勤,海洋服务人员,3,0,1
2514,运行岗（现场操作员）,船舶制造人员,2,0,1
2505,电气自动化工程师,海洋工程技术人员,3,0,1
2516,海上风电运维工程助理总监,海洋工程技术人员,3,0,1
2517,光伏电站运维项目经理,海洋工程技术人员,3,0,1
2520,船舶电气生产设计工程师,船舶制造人员,1,0,1
2521,舾装生产设计工程师,海洋工程技术人员,1,0,1
2522,船体生产设计工程师,船舶制造人员,1,0,1
2523,管系生产设计工程师,船舶制造人员,1,0,1
2524,总体高级设计师,海洋工程技术人员,2,0,1
2526,高级商务经理,道路和水上运输工程技术人员,2,0,1
2528,水声工程师,海洋工程技术人员,2,0,1
2530,工艺工程师,海洋工程技术人员,2,0,1
2529,压电水听器工程师,海洋工程技术人员,2,0,1
2532,测量工程师,测绘和地理信息工程技术人员,1,0,1
2534,电气系统工程师-徐工港机 (MJ000685),海洋工程技术人员,2,0,1
2533,操作管理岗,道路和水上运输工程技术人员,1,0,1
2537,安全总监,道路和水上运输工程技术人员,2,0,1
2536,理货员（高栏港区）,海洋服务人员,1,0,1
2538,机械工程师-研发,海洋工程技术人员,2,0,1
2540,电气工程师-研发,海洋工程技术人员,2,0,1
2543,技术副总（外派）,道路和水上运输工程技术人员,3,0,1
2544,船舶采购员,海洋工程技术人员,1,0,1
2545,船驳监造,海洋工程技术人员,2,0,1
2546,船驳机务主管,船舶指挥和引航人员,2,0,1
2548,操作/箱管/船务专员（惠州）,道路和水上运输工程技术人员,1,0,1
2550,海运操作专员（潍坊）,道路和水上运输工程技术人员,1,0,1
2551,博士后研究员（机器学习方向）,海洋工程技术人员,2,0,1
2554,码头组长,海洋服务人员,2,0,1
2558,船舶内装BIM工程师,海洋工程技术人员,1,0,1
2559,船舶总包建造经理岗,船舶制造人员,2,0,1
2560,总包项目经理岗,船舶制造人员,1,0,1
2557,船舶总包方案设计岗,海洋工程技术人员,2,0,1
2563,船舶总包艺术设计岗,船舶制造人员,1,0,1
2562,船舶内装总包生产设计岗,船舶制造人员,1,0,1
2566,视觉工程师,海洋工程技术人员,2,0,1
2565,海运物流经理,道路和水上运输工程技术人员,2,0,1
2567,机器人工程师,船舶制造人员,2,0,1
2575,质检工程师,船舶制造人员,1,0,1
2574,天顺风能招聘质量管理/测试,船舶制造人员,1,0,1
2569,机械工程师 （井口控制盘）(J11710),海洋工程技术人员,2,0,1
2577,设计主任工程师,船舶制造人员,1,0,1
2578,设备设施经理,船舶制造人员,1,0,1
2576,生产管理经理,船舶制造人员,2,0,1
2584,质量主管,海洋工程技术人员,1,0,1
2583,焊接工程师,船舶制造人员,2,0,1
2596,中鲁食品公司-食品研发专员,水产技术人员,1,0,1
2587,项目交付经理,道路和水上运输工程技术人员,1,0,1
2593,游轮水手（驾驶方向）,海洋服务人员,1,0,1
2598,中鲁冷藏公司-制冷工,船舶制造人员,1,0,1
2601,船舶结构详细设计（镇江）,道路和水上运输工程技术人员,1,0,1
2600,船舶总舾详细设计（镇江）,道路和水上运输工程技术人员,1,0,1
2602,船舶轮机详细设计（镇江）,道路和水上运输工程技术人员,1,0,1
2603,船舶电气详细设计（镇江）,道路和水上运输工程技术人员,1,0,1
2605,MOT无损检测工程师 (MJ009095),道路和水上运输工程技术人员,1,0,1
2608,结构检验员,海洋工程技术人员,1,0,1
2610,精控检验员,船舶制造人员,1,0,1
2613,焊接工艺工程师,船舶制造人员,1,0,1
2614,大功率高频化电源资深硬件工程师（深圳坪山）,船舶制造人员,1,0,1
2621,绿色低碳评估工程师,海洋工程技术人员,1,0,1
2617,焊接工艺工程师/焊接工艺测评师（硕士）（深圳坪山）,船舶制造人员,1,0,1
2622,营销经理（交科能源广东分公司）,海洋工程技术人员,1,0,1
2627,J品采购经理,海洋工程技术人员,1,0,1
2625,质检员,船舶制造人员,1,0,1
2629,电工,船舶制造人员,1,0,1
2624,国际物流经理,道路和水上运输工程技术人员,1,0,1
2628,船体放样工程师,船舶制造人员,1,0,1
2630,船体详设工程师,船舶制造人员,1,0,1
2632,电工,船舶制造人员,1,0,1
2633,船体详设工程师,船舶制造人员,1,0,1
2631,船体放样工程师,船舶制造人员,1,0,1
2641,数控操作工,船舶制造人员,0,0,1
2642,数控操作工（五险一金）,船舶制造人员,0,0,1
2638,项目工程师,海洋工程技术人员,1,0,1
2645,设备管理软件实施经理,海洋工程技术人员,1,0,1
2635,电力系统集成岗位负责人,海洋工程技术人员,1,0,1
2643,物流主管,道路和水上运输工程技术人员,1,0,1
2648,调度管理岗,道路和水上运输工程技术人员,1,0,1
2652,保险销售经理,道路和水上运输工程技术人员,1,0,1
2657,起重机设计(J10453),海洋工程技术人员,2,0,1
2651,海务主管,船舶指挥和引航人员,1,0,1
2655,分段管理主管(J14295),船舶制造人员,1,0,1
2658,设计经理(J10449),海洋工程技术人员,1,0,1
2660,船体装配工,船舶制造人员,1,0,1
2661,水手,渔业生产人员,1,0,1
2659,功率工程师,海洋工程技术人员,2,0,1
2662,海务安全岗,道路和水上运输工程技术人员,1,0,1
2668,船分段质检、精控,船舶制造人员,2,0,1
2669,生产计划经理,船舶制造人员,1,0,1
2671,采购专员,渔业生产人员,1,0,1
2674,件杂货租船经理,道路和水上运输工程技术人员,2,0,1
2675,接头设计主任工程师,海洋工程技术人员,2,0,1
2678,项目管理工程师,海洋工程技术人员,2,0,1
2677,海管整体设计研发工程师,海洋工程技术人员,2,0,1
2679,特缆研发工程师,海洋工程技术人员,1,0,1
2683,高性能纤维材料应用专家,海洋工程技术人员,1,0,1
2680,海缆附件研发工程师,海洋工程技术人员,1,0,1
2684,博士,海洋工程技术人员,1,0,1
2686,项目安全总监（海上风电）,海洋工程技术人员,1,0,1
2685,船机主管（阳江）,道路和水上运输工程技术人员,3,0,1
2690,维修工,船舶制造人员,2,0,1
2695,上海申能新能源投资有限公司（海上土建工程师）,海洋工程技术人员,2,0,1
2697,海油业务需求分析师,海洋工程技术人员,3,0,1
2693,声学设计,海洋工程技术人员,2,0,1
2694,电气控制工程师,道路和水上运输工程技术人员,3,0,1
2698,研发工程师,海洋工程技术人员,3,0,1
2699,舟山船务外勤（急招）,道路和水上运输工程技术人员,1,0,1
2700,航运市场分析专员,海洋工程技术人员,2,0,1
2703,外运浙江-宁波船代-调度,海洋服务人员,1,0,1
2701,海务主管,海洋工程技术人员,3,0,1
2706,外运浙江-宁波船代-外勤,海洋服务人员,1,0,1
2708,外运华南-广西公司-水运物流部-配载专员(J17039),海洋服务人员,4,0,1
2707,外运浙江-舟山船代-船代外勤,道路和水上运输工程技术人员,1,0,1
2712,外运华南-广西公司-船代部-外勤专员(J17040),船舶指挥和引航人员,1,0,1
2714,外运华南-广西公司-船代部-外勤专员(J17035),海洋服务人员,1,0,1
2713,外运华南-福建公司-机械维修岗(J17092),船舶制造人员,2,0,1
2715,外运华南-福建公司-码头调度(J17091),道路和水上运输工程技术人员,3,0,1
2710,外运华南-福建公司-机械维修岗(J16974),船舶制造人员,2,0,1
2717,外运华南-福建公司-调度(J16967),道路和水上运输工程技术人员,3,0,1
2718,区域安全专责（陕宁）,海洋工程技术人员,2,0,1
2720,区域安全专责（广西）,海洋工程技术人员,2,0,1
2721,安全专责（阳江）,海洋服务人员,2,0,1
2722,解决方案工程师（风资源）(J11467),海洋工程技术人员,3,0,1
2724,解决方案工程师（风资源）(J11469),海洋工程技术人员,3,0,1
2725,城市及道路照明工程专业承包贰级技术负责人,道路和水上运输工程技术人员,1,0,1
2723,物流规划高级经理,海洋工程技术人员,3,0,1
2726,船舶与海洋工程设计主管工程师,海洋工程技术人员,3,0,1
2728,工程项目管理（劳务）,道路和水上运输工程技术人员,1,0,1
2727,工程项目管理,道路和水上运输工程技术人员,1,0,1
2730,社会招聘-项目经理,海洋工程技术人员,1,0,1
2729,工程项目经理,道路和水上运输工程技术人员,1,0,1
2731,安全总监,海洋工程技术人员,1,0,1
2732,技术经理,海洋工程技术人员,1,0,1
2737,变频器 销售经理,道路和水上运输工程技术人员,1,0,1
2733,船舶资产管理岗,道路和水上运输工程技术人员,1,0,1
2734,应用支持工程师-郑州(J11806),海洋工程技术人员,1,0,1
2740,码头经理,船舶指挥和引航人员,1,0,1
2741,租船经理,道路和水上运输工程技术人员,1,0,1
2738,机务主管,船舶指挥和引航人员,1,0,1
2743,海务管理,道路和水上运输工程技术人员,3,0,1
2746,信号处理算法开发工程师,海洋工程技术人员,3,0,1
2751,声学研发工程师(J10022),海洋工程技术人员,3,0,1
2749,声学研发工程师(J10022),海洋工程技术人员,3,0,1
2747,焊接工艺研发工程师,船舶制造人员,2,0,1
2752,声学应用工程师(J10025),海洋工程技术人员,3,0,1
2753,声学研发工程师(J10022),海洋工程技术人员,3,0,1
2755,数值模式工程师,海洋工程技术人员,3,0,1
2757,结构设计工程师（传动回转结构),海洋工程技术人员,2,0,1
2187,通风设计工程师,海洋工程技术人员,2,0,1
